ID,Date,Number
1,01-2005,328
1,02-2005,39
1,03-2005,50
1,04-2005,158
1,05-2005,301
1,06-2005,19
1,07-2005,148
1,08-2005,132
1,09-2005,171
1,10-2005,17
1,11-2005,32
1,12-2005,275
1,01-2006,26
1,02-2006,244
1,03-2006,38
1,04-2006,281
1,05-2006,15
1,06-2006,288
1,07-2006,179
1,08-2006,74
1,09-2006,47
1,10-2006,192
1,11-2006,59
1,12-2006,329
1,01-2007,89
1,02-2007,172
1,03-2007,23
1,04-2007,305
1,05-2007,302
1,06-2007,346
1,07-2007,287
1,08-2007,38
1,09-2007,44
1,10-2007,19
1,11-2007,116
1,12-2007,55
1,01-2008,81
1,02-2008,152
1,03-2008,237
1,04-2008,280
1,05-2008,147
1,06-2008,64
1,07-2008,318
1,08-2008,320
1,09-2008,230
1,10-2008,223
1,11-2008,239
1,12-2008,276
1,01-2009,293
1,02-2009,311
1,03-2009,30
1,04-2009,185
1,05-2009,285
1,06-2009,168
1,07-2009,283
1,08-2009,138
1,09-2009,262
1,10-2009,311
1,11-2009,223
1,12-2009,63
1,01-2010,358
1,02-2010,24
1,03-2010,309
1,04-2010,323
1,05-2010,93
1,06-2010,125
1,07-2010,169
1,08-2010,249
1,09-2010,191
1,10-2010,184
1,11-2010,303
1,12-2010,297
1,01-2011,290
1,02-2011,351
1,03-2011,137
1,04-2011,287
1,05-2011,164
1,06-2011,204
1,07-2011,24
1,08-2011,209
1,09-2011,246
1,10-2011,234
1,11-2011,332
1,12-2011,342
1,01-2012,99
1,02-2012,261
1,03-2012,150
1,04-2012,250
1,05-2012,250
1,06-2012,211
1,07-2012,18
1,08-2012,100
1,09-2012,308
1,10-2012,150
1,11-2012,197
1,12-2012,121
2,01-2005,279
2,02-2005,25
2,03-2005,100
2,04-2005,238
2,05-2005,346
2,06-2005,134
2,07-2005,254
2,08-2005,112
2,09-2005,251
2,10-2005,42
2,11-2005,129
2,12-2005,46
2,01-2006,349
2,02-2006,181
2,03-2006,86
2,04-2006,339
2,05-2006,173
2,06-2006,284
2,07-2006,281
2,08-2006,263
2,09-2006,215
2,10-2006,246
2,11-2006,241
2,12-2006,58
2,01-2007,122
2,02-2007,24
2,03-2007,50
2,04-2007,189
2,05-2007,143
2,06-2007,250
2,07-2007,175
2,08-2007,215
2,09-2007,223
2,10-2007,247
2,11-2007,132
2,12-2007,181
2,01-2008,149
2,02-2008,327
2,03-2008,112
2,04-2008,261
2,05-2008,213
2,06-2008,192
2,07-2008,81
2,08-2008,249
2,09-2008,89
2,10-2008,147
2,11-2008,20
2,12-2008,293
2,01-2009,220
2,02-2009,53
2,03-2009,104
2,04-2009,60
2,05-2009,132
2,06-2009,149
2,07-2009,181
2,08-2009,358
2,09-2009,226
2,10-2009,188
2,11-2009,319
2,12-2009,42
2,01-2010,79
2,02-2010,149
2,03-2010,50
2,04-2010,117
2,05-2010,274
2,06-2010,123
2,07-2010,145
2,08-2010,231
2,09-2010,68
2,10-2010,27
2,11-2010,60
2,12-2010,203
2,01-2011,223
2,02-2011,36
2,03-2011,323
2,04-2011,24
2,05-2011,18
2,06-2011,208
2,07-2011,141
2,08-2011,253
2,09-2011,123
2,10-2011,210
2,11-2011,253
2,12-2011,180
2,01-2012,343
2,02-2012,226
2,03-2012,31
2,04-2012,124
2,05-2012,91
2,06-2012,128
2,07-2012,128
2,08-2012,103
2,09-2012,295
2,10-2012,225
2,11-2012,257
2,12-2012,316
3,01-2005,239
3,02-2005,110
3,03-2005,100
3,04-2005,30
3,05-2005,101
3,06-2005,284
3,07-2005,128
3,08-2005,104
3,09-2005,342
3,10-2005,72
3,11-2005,131
3,12-2005,58
3,01-2006,263
3,02-2006,15
3,03-2006,32
3,04-2006,130
3,05-2006,80
3,06-2006,263
3,07-2006,158
3,08-2006,69
3,09-2006,242
3,10-2006,190
3,11-2006,72
3,12-2006,325
3,01-2007,30
3,02-2007,195
3,03-2007,126
3,04-2007,142
3,05-2007,67
3,06-2007,111
3,07-2007,190
3,08-2007,339
3,09-2007,193
3,10-2007,232
3,11-2007,135
3,12-2007,165
3,01-2008,115
3,02-2008,241
3,03-2008,359
3,04-2008,23
3,05-2008,143
3,06-2008,39
3,07-2008,114
3,08-2008,130
3,09-2008,325
3,10-2008,183
3,11-2008,176
3,12-2008,18
3,01-2009,218
3,02-2009,167
3,03-2009,316
3,04-2009,311
3,05-2009,27
3,06-2009,99
3,07-2009,289
3,08-2009,104
3,09-2009,44
3,10-2009,240
3,11-2009,306
3,12-2009,119
3,01-2010,226
3,02-2010,252
3,03-2010,275
3,04-2010,358
3,05-2010,67
3,06-2010,216
3,07-2010,357
3,08-2010,226
3,09-2010,112
3,10-2010,71
3,11-2010,286
3,12-2010,359
3,01-2011,201
3,02-2011,89
3,03-2011,239
3,04-2011,48
3,05-2011,300
3,06-2011,217
3,07-2011,45
3,08-2011,169
3,09-2011,76
3,10-2011,34
3,11-2011,133
3,12-2011,224
3,01-2012,78
3,02-2012,230
3,03-2012,184
3,04-2012,176
3,05-2012,27
3,06-2012,283
3,07-2012,295
3,08-2012,278
3,09-2012,288
3,10-2012,144
3,11-2012,278
3,12-2012,196
4,01-2005,238
4,02-2005,125
4,03-2005,202
4,04-2005,138
4,05-2005,259
4,06-2005,286
4,07-2005,336
4,08-2005,85
4,09-2005,340
4,10-2005,289
4,11-2005,253
4,12-2005,171
4,01-2006,229
4,02-2006,320
4,03-2006,197
4,04-2006,16
4,05-2006,60
4,06-2006,255
4,07-2006,215
4,08-2006,38
4,09-2006,243
4,10-2006,336
4,11-2006,313
4,12-2006,300
4,01-2007,88
4,02-2007,145
4,03-2007,181
4,04-2007,78
4,05-2007,351
4,06-2007,347
4,07-2007,111
4,08-2007,257
4,09-2007,293
4,10-2007,32
4,11-2007,89
4,12-2007,77
4,01-2008,72
4,02-2008,212
4,03-2008,302
4,04-2008,72
4,05-2008,259
4,06-2008,192
4,07-2008,56
4,08-2008,278
4,09-2008,123
4,10-2008,142
4,11-2008,144
4,12-2008,262
4,01-2009,341
4,02-2009,301
4,03-2009,33
4,04-2009,341
4,05-2009,170
4,06-2009,167
4,07-2009,170
4,08-2009,223
4,09-2009,328
4,10-2009,265
4,11-2009,273
4,12-2009,308
4,01-2010,139
4,02-2010,206
4,03-2010,278
4,04-2010,180
4,05-2010,36
4,06-2010,59
4,07-2010,202
4,08-2010,57
4,09-2010,191
4,10-2010,289
4,11-2010,212
4,12-2010,105
4,01-2011,244
4,02-2011,18
4,03-2011,206
4,04-2011,176
4,05-2011,48
4,06-2011,322
4,07-2011,149
4,08-2011,117
4,09-2011,343
4,10-2011,294
4,11-2011,236
4,12-2011,281
4,01-2012,210
4,02-2012,97
4,03-2012,88
4,04-2012,344
4,05-2012,99
4,06-2012,88
4,07-2012,360
4,08-2012,329
4,09-2012,134
4,10-2012,175
4,11-2012,158
4,12-2012,186
5,01-2005,238
5,02-2005,284
5,03-2005,253
5,04-2005,282
5,05-2005,281
5,06-2005,206
5,07-2005,256
5,08-2005,139
5,09-2005,263
5,10-2005,254
5,11-2005,23
5,12-2005,263
5,01-2006,131
5,02-2006,76
5,03-2006,82
5,04-2006,73
5,05-2006,328
5,06-2006,202
5,07-2006,187
5,08-2006,305
5,09-2006,37
5,10-2006,38
5,11-2006,230
5,12-2006,134
5,01-2007,93
5,02-2007,204
5,03-2007,259
5,04-2007,27
5,05-2007,349
5,06-2007,100
5,07-2007,233
5,08-2007,278
5,09-2007,262
5,10-2007,159
5,11-2007,265
5,12-2007,297
5,01-2008,259
5,02-2008,311
5,03-2008,92
5,04-2008,213
5,05-2008,187
5,06-2008,250
5,07-2008,311
5,08-2008,75
5,09-2008,314
5,10-2008,96
5,11-2008,36
5,12-2008,175
5,01-2009,222
5,02-2009,352
5,03-2009,165
5,04-2009,53
5,05-2009,256
5,06-2009,277
5,07-2009,195
5,08-2009,22
5,09-2009,356
5,10-2009,164
5,11-2009,241
5,12-2009,193
5,01-2010,139
5,02-2010,346
5,03-2010,155
5,04-2010,135
5,05-2010,259
5,06-2010,70
5,07-2010,220
5,08-2010,120
5,09-2010,127
5,10-2010,236
5,11-2010,216
5,12-2010,49
5,01-2011,133
5,02-2011,111
5,03-2011,306
5,04-2011,333
5,05-2011,175
5,06-2011,320
5,07-2011,289
5,08-2011,328
5,09-2011,175
5,10-2011,201
5,11-2011,158
5,12-2011,328
5,01-2012,358
5,02-2012,39
5,03-2012,103
5,04-2012,144
5,05-2012,291
5,06-2012,24
5,07-2012,134
5,08-2012,229
5,09-2012,222
5,10-2012,299
5,11-2012,62
5,12-2012,305
6,01-2005,35
6,02-2005,177
6,03-2005,356
6,04-2005,200
6,05-2005,121
6,06-2005,193
6,07-2005,256
6,08-2005,254
6,09-2005,31
6,10-2005,72
6,11-2005,347
6,12-2005,116
6,01-2006,95
6,02-2006,79
6,03-2006,229
6,04-2006,126
6,05-2006,352
6,06-2006,33
6,07-2006,59
6,08-2006,23
6,09-2006,67
6,10-2006,18
6,11-2006,347
6,12-2006,56
6,01-2007,342
6,02-2007,336
6,03-2007,265
6,04-2007,85
6,05-2007,127
6,06-2007,133
6,07-2007,36
6,08-2007,172
6,09-2007,114
6,10-2007,100
6,11-2007,332
6,12-2007,286
6,01-2008,99
6,02-2008,360
6,03-2008,108
6,04-2008,128
6,05-2008,136
6,06-2008,177
6,07-2008,217
6,08-2008,87
6,09-2008,116
6,10-2008,74
6,11-2008,108
6,12-2008,302
6,01-2009,115
6,02-2009,291
6,03-2009,234
6,04-2009,327
6,05-2009,297
6,06-2009,135
6,07-2009,71
6,08-2009,240
6,09-2009,48
6,10-2009,29
6,11-2009,161
6,12-2009,102
6,01-2010,45
6,02-2010,111
6,03-2010,114
6,04-2010,178
6,05-2010,231
6,06-2010,132
6,07-2010,219
6,08-2010,165
6,09-2010,200
6,10-2010,123
6,11-2010,308
6,12-2010,45
6,01-2011,247
6,02-2011,316
6,03-2011,184
6,04-2011,23
6,05-2011,345
6,06-2011,89
6,07-2011,327
6,08-2011,106
6,09-2011,96
6,10-2011,335
6,11-2011,335
6,12-2011,234
6,01-2012,238
6,02-2012,115
6,03-2012,289
6,04-2012,91
6,05-2012,221
6,06-2012,359
6,07-2012,276
6,08-2012,237
6,09-2012,265
6,10-2012,195
6,11-2012,345
6,12-2012,136
7,01-2005,175
7,02-2005,331
7,03-2005,126
7,04-2005,204
7,05-2005,155
7,06-2005,272
7,07-2005,29
7,08-2005,168
7,09-2005,153
7,10-2005,130
7,11-2005,75
7,12-2005,170
7,01-2006,108
7,02-2006,208
7,03-2006,23
7,04-2006,283
7,05-2006,123
7,06-2006,224
7,07-2006,311
7,08-2006,22
7,09-2006,80
7,10-2006,305
7,11-2006,236
7,12-2006,335
7,01-2007,221
7,02-2007,178
7,03-2007,282
7,04-2007,174
7,05-2007,306
7,06-2007,40
7,07-2007,246
7,08-2007,93
7,09-2007,189
7,10-2007,167
7,11-2007,163
7,12-2007,177
7,01-2008,249
7,02-2008,123
7,03-2008,138
7,04-2008,251
7,05-2008,174
7,06-2008,127
7,07-2008,321
7,08-2008,177
7,09-2008,139
7,10-2008,34
7,11-2008,185
7,12-2008,160
7,01-2009,243
7,02-2009,192
7,03-2009,270
7,04-2009,267
7,05-2009,79
7,06-2009,279
7,07-2009,345
7,08-2009,331
7,09-2009,54
7,10-2009,315
7,11-2009,116
7,12-2009,67
7,01-2010,29
7,02-2010,230
7,03-2010,169
7,04-2010,205
7,05-2010,137
7,06-2010,99
7,07-2010,78
7,08-2010,189
7,09-2010,130
7,10-2010,320
7,11-2010,35
7,12-2010,106
7,01-2011,73
7,02-2011,132
7,03-2011,329
7,04-2011,74
7,05-2011,276
7,06-2011,212
7,07-2011,214
7,08-2011,116
7,09-2011,91
7,10-2011,132
7,11-2011,215
7,12-2011,58
7,01-2012,202
7,02-2012,49
7,03-2012,37
7,04-2012,243
7,05-2012,90
7,06-2012,318
7,07-2012,137
7,08-2012,133
7,09-2012,201
7,10-2012,289
7,11-2012,273
7,12-2012,218
8,01-2005,155
8,02-2005,333
8,03-2005,190
8,04-2005,223
8,05-2005,116
8,06-2005,306
8,07-2005,234
8,08-2005,168
8,09-2005,122
8,10-2005,250
8,11-2005,75
8,12-2005,309
8,01-2006,332
8,02-2006,28
8,03-2006,319
8,04-2006,267
8,05-2006,211
8,06-2006,182
8,07-2006,317
8,08-2006,285
8,09-2006,135
8,10-2006,310
8,11-2006,248
8,12-2006,146
8,01-2007,167
8,02-2007,335
8,03-2007,305
8,04-2007,27
8,05-2007,248
8,06-2007,270
8,07-2007,206
8,08-2007,165
8,09-2007,84
8,10-2007,93
8,11-2007,151
8,12-2007,122
8,01-2008,150
8,02-2008,119
8,03-2008,16
8,04-2008,33
8,05-2008,215
8,06-2008,297
8,07-2008,199
8,08-2008,322
8,09-2008,324
8,10-2008,111
8,11-2008,176
8,12-2008,315
8,01-2009,55
8,02-2009,360
8,03-2009,262
8,04-2009,273
8,05-2009,349
8,06-2009,34
8,07-2009,90
8,08-2009,264
8,09-2009,221
8,10-2009,54
8,11-2009,75
8,12-2009,221
8,01-2010,139
8,02-2010,274
8,03-2010,335
8,04-2010,260
8,05-2010,193
8,06-2010,60
8,07-2010,82
8,08-2010,97
8,09-2010,235
8,10-2010,274
8,11-2010,20
8,12-2010,48
8,01-2011,121
8,02-2011,166
8,03-2011,137
8,04-2011,221
8,05-2011,302
8,06-2011,293
8,07-2011,213
8,08-2011,106
8,09-2011,263
8,10-2011,22
8,11-2011,319
8,12-2011,301
8,01-2012,177
8,02-2012,157
8,03-2012,28
8,04-2012,265
8,05-2012,91
8,06-2012,109
8,07-2012,257
8,08-2012,274
8,09-2012,165
8,10-2012,139
8,11-2012,223
8,12-2012,301
9,01-2005,234
9,02-2005,135
9,03-2005,95
9,04-2005,277
9,05-2005,310
9,06-2005,271
9,07-2005,116
9,08-2005,308
9,09-2005,167
9,10-2005,166
9,11-2005,146
9,12-2005,242
9,01-2006,306
9,02-2006,250
9,03-2006,308
9,04-2006,144
9,05-2006,148
9,06-2006,214
9,07-2006,342
9,08-2006,303
9,09-2006,185
9,10-2006,50
9,11-2006,133
9,12-2006,93
9,01-2007,123
9,02-2007,150
9,03-2007,194
9,04-2007,143
9,05-2007,141
9,06-2007,223
9,07-2007,271
9,08-2007,326
9,09-2007,198
9,10-2007,266
9,11-2007,76
9,12-2007,158
9,01-2008,284
9,02-2008,143
9,03-2008,171
9,04-2008,134
9,05-2008,334
9,06-2008,200
9,07-2008,102
9,08-2008,354
9,09-2008,192
9,10-2008,325
9,11-2008,245
9,12-2008,156
9,01-2009,280
9,02-2009,73
9,03-2009,243
9,04-2009,69
9,05-2009,108
9,06-2009,162
9,07-2009,231
9,08-2009,143
9,09-2009,319
9,10-2009,58
9,11-2009,293
9,12-2009,186
9,01-2010,262
9,02-2010,110
9,03-2010,251
9,04-2010,204
9,05-2010,277
9,06-2010,281
9,07-2010,196
9,08-2010,100
9,09-2010,52
9,10-2010,258
9,11-2010,15
9,12-2010,319
9,01-2011,22
9,02-2011,153
9,03-2011,232
9,04-2011,168
9,05-2011,185
9,06-2011,119
9,07-2011,224
9,08-2011,89
9,09-2011,197
9,10-2011,54
9,11-2011,157
9,12-2011,157
9,01-2012,302
9,02-2012,36
9,03-2012,337
9,04-2012,16
9,05-2012,63
9,06-2012,66
9,07-2012,321
9,08-2012,314
9,09-2012,218
9,10-2012,133
9,11-2012,355
9,12-2012,263
10,01-2005,273
10,02-2005,226
10,03-2005,163
10,04-2005,120
10,05-2005,92
10,06-2005,80
10,07-2005,323
10,08-2005,348
10,09-2005,66
10,10-2005,29
10,11-2005,132
10,12-2005,286
10,01-2006,298
10,02-2006,295
10,03-2006,350
10,04-2006,37
10,05-2006,141
10,06-2006,203
10,07-2006,157
10,08-2006,242
10,09-2006,151
10,10-2006,205
10,11-2006,182
10,12-2006,38
10,01-2007,209
10,02-2007,155
10,03-2007,287
10,04-2007,201
10,05-2007,299
10,06-2007,147
10,07-2007,281
10,08-2007,60
10,09-2007,137
10,10-2007,248
10,11-2007,256
10,12-2007,351
10,01-2008,15
10,02-2008,353
10,03-2008,206
10,04-2008,176
10,05-2008,130
10,06-2008,110
10,07-2008,168
10,08-2008,26
10,09-2008,291
10,10-2008,237
10,11-2008,34
10,12-2008,222
10,01-2009,299
10,02-2009,338
10,03-2009,15
10,04-2009,332
10,05-2009,227
10,06-2009,173
10,07-2009,37
10,08-2009,177
10,09-2009,132
10,10-2009,204
10,11-2009,311
10,12-2009,217
10,01-2010,179
10,02-2010,331
10,03-2010,120
10,04-2010,231
10,05-2010,352
10,06-2010,221
10,07-2010,27
10,08-2010,172
10,09-2010,267
10,10-2010,46
10,11-2010,67
10,12-2010,302
10,01-2011,208
10,02-2011,242
10,03-2011,336
10,04-2011,65
10,05-2011,277
10,06-2011,24
10,07-2011,213
10,08-2011,53
10,09-2011,303
10,10-2011,293
10,11-2011,50
10,12-2011,38
10,01-2012,291
10,02-2012,296
10,03-2012,26
10,04-2012,227
10,05-2012,279
10,06-2012,315
10,07-2012,111
10,08-2012,324
10,09-2012,280
10,10-2012,199
10,11-2012,262
10,12-2012,214
11,01-2005,357
11,02-2005,358
11,03-2005,353
11,04-2005,140
11,05-2005,98
11,06-2005,126
11,07-2005,62
11,08-2005,120
11,09-2005,184
11,10-2005,28
11,11-2005,288
11,12-2005,50
11,01-2006,261
11,02-2006,220
11,03-2006,93
11,04-2006,292
11,05-2006,120
11,06-2006,188
11,07-2006,272
11,08-2006,39
11,09-2006,51
11,10-2006,238
11,11-2006,189
11,12-2006,351
11,01-2007,179
11,02-2007,282
11,03-2007,206
11,04-2007,351
11,05-2007,123
11,06-2007,339
11,07-2007,336
11,08-2007,286
11,09-2007,249
11,10-2007,328
11,11-2007,291
11,12-2007,244
11,01-2008,73
11,02-2008,216
11,03-2008,149
11,04-2008,357
11,05-2008,39
11,06-2008,111
11,07-2008,153
11,08-2008,264
11,09-2008,319
11,10-2008,208
11,11-2008,159
11,12-2008,184
11,01-2009,167
11,02-2009,272
11,03-2009,124
11,04-2009,258
11,05-2009,236
11,06-2009,162
11,07-2009,217
11,08-2009,195
11,09-2009,341
11,10-2009,198
11,11-2009,37
11,12-2009,56
11,01-2010,64
11,02-2010,17
11,03-2010,182
11,04-2010,124
11,05-2010,42
11,06-2010,359
11,07-2010,35
11,08-2010,312
11,09-2010,150
11,10-2010,358
11,11-2010,118
11,12-2010,42
11,01-2011,276
11,02-2011,92
11,03-2011,304
11,04-2011,282
11,05-2011,359
11,06-2011,87
11,07-2011,151
11,08-2011,350
11,09-2011,348
11,10-2011,110
11,11-2011,75
11,12-2011,225
11,01-2012,305
11,02-2012,125
11,03-2012,330
11,04-2012,129
11,05-2012,261
11,06-2012,155
11,07-2012,319
11,08-2012,42
11,09-2012,161
11,10-2012,93
11,11-2012,117
11,12-2012,249
12,01-2005,143
12,02-2005,132
12,03-2005,166
12,04-2005,31
12,05-2005,343
12,06-2005,138
12,07-2005,173
12,08-2005,315
12,09-2005,39
12,10-2005,245
12,11-2005,190
12,12-2005,336
12,01-2006,157
12,02-2006,82
12,03-2006,287
12,04-2006,232
12,05-2006,129
12,06-2006,117
12,07-2006,218
12,08-2006,183
12,09-2006,247
12,10-2006,41
12,11-2006,256
12,12-2006,329
12,01-2007,118
12,02-2007,231
12,03-2007,128
12,04-2007,35
12,05-2007,82
12,06-2007,324
12,07-2007,270
12,08-2007,18
12,09-2007,261
12,10-2007,185
12,11-2007,211
12,12-2007,79
12,01-2008,102
12,02-2008,225
12,03-2008,311
12,04-2008,138
12,05-2008,170
12,06-2008,115
12,07-2008,265
12,08-2008,309
12,09-2008,131
12,10-2008,285
12,11-2008,62
12,12-2008,111
12,01-2009,92
12,02-2009,204
12,03-2009,221
12,04-2009,150
12,05-2009,190
12,06-2009,44
12,07-2009,279
12,08-2009,99
12,09-2009,337
12,10-2009,15
12,11-2009,159
12,12-2009,256
12,01-2010,305
12,02-2010,235
12,03-2010,83
12,04-2010,221
12,05-2010,211
12,06-2010,261
12,07-2010,101
12,08-2010,248
12,09-2010,80
12,10-2010,102
12,11-2010,179
12,12-2010,309
12,01-2011,182
12,02-2011,256
12,03-2011,306
12,04-2011,162
12,05-2011,69
12,06-2011,47
12,07-2011,129
12,08-2011,289
12,09-2011,189
12,10-2011,133
12,11-2011,186
12,12-2011,228
12,01-2012,77
12,02-2012,247
12,03-2012,235
12,04-2012,59
12,05-2012,137
12,06-2012,141
12,07-2012,301
12,08-2012,169
12,09-2012,289
12,10-2012,135
12,11-2012,357
12,12-2012,100
13,01-2005,235
13,02-2005,221
13,03-2005,93
13,04-2005,71
13,05-2005,54
13,06-2005,342
13,07-2005,298
13,08-2005,351
13,09-2005,136
13,10-2005,344
13,11-2005,79
13,12-2005,220
13,01-2006,73
13,02-2006,62
13,03-2006,47
13,04-2006,62
13,05-2006,253
13,06-2006,237
13,07-2006,113
13,08-2006,207
13,09-2006,136
13,10-2006,174
13,11-2006,253
13,12-2006,358
13,01-2007,91
13,02-2007,139
13,03-2007,89
13,04-2007,249
13,05-2007,222
13,06-2007,320
13,07-2007,275
13,08-2007,359
13,09-2007,261
13,10-2007,97
13,11-2007,312
13,12-2007,246
13,01-2008,207
13,02-2008,346
13,03-2008,89
13,04-2008,93
13,05-2008,113
13,06-2008,245
13,07-2008,194
13,08-2008,244
13,09-2008,157
13,10-2008,219
13,11-2008,243
13,12-2008,311
13,01-2009,317
13,02-2009,120
13,03-2009,264
13,04-2009,256
13,05-2009,124
13,06-2009,230
13,07-2009,88
13,08-2009,226
13,09-2009,275
13,10-2009,331
13,11-2009,355
13,12-2009,135
13,01-2010,157
13,02-2010,286
13,03-2010,39
13,04-2010,335
13,05-2010,79
13,06-2010,63
13,07-2010,254
13,08-2010,37
13,09-2010,82
13,10-2010,183
13,11-2010,255
13,12-2010,131
13,01-2011,25
13,02-2011,238
13,03-2011,311
13,04-2011,241
13,05-2011,86
13,06-2011,99
13,07-2011,259
13,08-2011,162
13,09-2011,227
13,10-2011,356
13,11-2011,185
13,12-2011,252
13,01-2012,199
13,02-2012,253
13,03-2012,76
13,04-2012,340
13,05-2012,147
13,06-2012,317
13,07-2012,59
13,08-2012,152
13,09-2012,351
13,10-2012,228
13,11-2012,92
13,12-2012,316
14,01-2005,270
14,02-2005,176
14,03-2005,60
14,04-2005,359
14,05-2005,359
14,06-2005,137
14,07-2005,281
14,08-2005,92
14,09-2005,116
14,10-2005,148
14,11-2005,134
14,12-2005,137
14,01-2006,191
14,02-2006,59
14,03-2006,99
14,04-2006,262
14,05-2006,189
14,06-2006,218
14,07-2006,131
14,08-2006,41
14,09-2006,29
14,10-2006,224
14,11-2006,160
14,12-2006,142
14,01-2007,316
14,02-2007,152
14,03-2007,113
14,04-2007,342
14,05-2007,312
14,06-2007,325
14,07-2007,214
14,08-2007,96
14,09-2007,270
14,10-2007,176
14,11-2007,305
14,12-2007,260
14,01-2008,93
14,02-2008,295
14,03-2008,84
14,04-2008,197
14,05-2008,344
14,06-2008,197
14,07-2008,254
14,08-2008,115
14,09-2008,289
14,10-2008,189
14,11-2008,115
14,12-2008,74
14,01-2009,309
14,02-2009,330
14,03-2009,216
14,04-2009,313
14,05-2009,177
14,06-2009,217
14,07-2009,322
14,08-2009,160
14,09-2009,140
14,10-2009,279
14,11-2009,352
14,12-2009,124
14,01-2010,157
14,02-2010,74
14,03-2010,111
14,04-2010,191
14,05-2010,168
14,06-2010,229
14,07-2010,300
14,08-2010,119
14,09-2010,139
14,10-2010,110
14,11-2010,341
14,12-2010,224
14,01-2011,244
14,02-2011,72
14,03-2011,171
14,04-2011,231
14,05-2011,23
14,06-2011,146
14,07-2011,93
14,08-2011,205
14,09-2011,32
14,10-2011,344
14,11-2011,340
14,12-2011,358
14,01-2012,120
14,02-2012,270
14,03-2012,141
14,04-2012,27
14,05-2012,229
14,06-2012,155
14,07-2012,344
14,08-2012,148
14,09-2012,145
14,10-2012,329
14,11-2012,256
14,12-2012,166
15,01-2005,103
15,02-2005,355
15,03-2005,180
15,04-2005,112
15,05-2005,189
15,06-2005,102
15,07-2005,268
15,08-2005,272
15,09-2005,247
15,10-2005,217
15,11-2005,15
15,12-2005,299
15,01-2006,205
15,02-2006,167
15,03-2006,254
15,04-2006,331
15,05-2006,262
15,06-2006,85
15,07-2006,293
15,08-2006,197
15,09-2006,82
15,10-2006,315
15,11-2006,277
15,12-2006,73
15,01-2007,110
15,02-2007,210
15,03-2007,288
15,04-2007,58
15,05-2007,161
15,06-2007,32
15,07-2007,337
15,08-2007,225
15,09-2007,189
15,10-2007,177
15,11-2007,255
15,12-2007,140
15,01-2008,338
15,02-2008,219
15,03-2008,22
15,04-2008,193
15,05-2008,50
15,06-2008,246
15,07-2008,358
15,08-2008,267
15,09-2008,114
15,10-2008,277
15,11-2008,238
15,12-2008,30
15,01-2009,229
15,02-2009,26
15,03-2009,298
15,04-2009,276
15,05-2009,66
15,06-2009,58
15,07-2009,83
15,08-2009,141
15,09-2009,89
15,10-2009,157
15,11-2009,254
15,12-2009,23
15,01-2010,53
15,02-2010,148
15,03-2010,252
15,04-2010,321
15,05-2010,241
15,06-2010,342
15,07-2010,149
15,08-2010,351
15,09-2010,26
15,10-2010,133
15,11-2010,175
15,12-2010,70
15,01-2011,31
15,02-2011,277
15,03-2011,148
15,04-2011,242
15,05-2011,126
15,06-2011,117
15,07-2011,138
15,08-2011,306
15,09-2011,338
15,10-2011,311
15,11-2011,248
15,12-2011,244
15,01-2012,58
15,02-2012,46
15,03-2012,169
15,04-2012,64
15,05-2012,260
15,06-2012,305
15,07-2012,320
15,08-2012,291
15,09-2012,125
15,10-2012,242
15,11-2012,260
15,12-2012,297
16,01-2005,100
16,02-2005,326
16,03-2005,97
16,04-2005,180
16,05-2005,252
16,06-2005,57
16,07-2005,91
16,08-2005,206
16,09-2005,212
16,10-2005,80
16,11-2005,349
16,12-2005,222
16,01-2006,179
16,02-2006,33
16,03-2006,346
16,04-2006,293
16,05-2006,240
16,06-2006,305
16,07-2006,320
16,08-2006,313
16,09-2006,330
16,10-2006,162
16,11-2006,28
16,12-2006,220
16,01-2007,16
16,02-2007,141
16,03-2007,19
16,04-2007,349
16,05-2007,60
16,06-2007,305
16,07-2007,346
16,08-2007,46
16,09-2007,129
16,10-2007,205
16,11-2007,29
16,12-2007,358
16,01-2008,269
16,02-2008,267
16,03-2008,33
16,04-2008,354
16,05-2008,202
16,06-2008,159
16,07-2008,184
16,08-2008,334
16,09-2008,86
16,10-2008,238
16,11-2008,306
16,12-2008,62
16,01-2009,327
16,02-2009,82
16,03-2009,213
16,04-2009,45
16,05-2009,292
16,06-2009,211
16,07-2009,39
16,08-2009,299
16,09-2009,106
16,10-2009,89
16,11-2009,232
16,12-2009,288
16,01-2010,175
16,02-2010,67
16,03-2010,247
16,04-2010,138
16,05-2010,182
16,06-2010,324
16,07-2010,306
16,08-2010,175
16,09-2010,34
16,10-2010,337
16,11-2010,273
16,12-2010,19
16,01-2011,28
16,02-2011,327
16,03-2011,212
16,04-2011,74
16,05-2011,126
16,06-2011,100
16,07-2011,336
16,08-2011,270
16,09-2011,139
16,10-2011,342
16,11-2011,102
16,12-2011,72
16,01-2012,110
16,02-2012,102
16,03-2012,306
16,04-2012,199
16,05-2012,292
16,06-2012,322
16,07-2012,221
16,08-2012,282
16,09-2012,297
16,10-2012,336
16,11-2012,280
16,12-2012,325
17,01-2005,262
17,02-2005,206
17,03-2005,112
17,04-2005,269
17,05-2005,76
17,06-2005,337
17,07-2005,115
17,08-2005,163
17,09-2005,58
17,10-2005,61
17,11-2005,144
17,12-2005,225
17,01-2006,214
17,02-2006,84
17,03-2006,150
17,04-2006,19
17,05-2006,185
17,06-2006,253
17,07-2006,44
17,08-2006,181
17,09-2006,106
17,10-2006,38
17,11-2006,188
17,12-2006,112
17,01-2007,278
17,02-2007,357
17,03-2007,205
17,04-2007,170
17,05-2007,280
17,06-2007,54
17,07-2007,335
17,08-2007,143
17,09-2007,353
17,10-2007,70
17,11-2007,106
17,12-2007,120
17,01-2008,127
17,02-2008,308
17,03-2008,359
17,04-2008,352
17,05-2008,179
17,06-2008,195
17,07-2008,68
17,08-2008,150
17,09-2008,149
17,10-2008,248
17,11-2008,214
17,12-2008,113
17,01-2009,248
17,02-2009,151
17,03-2009,191
17,04-2009,93
17,05-2009,108
17,06-2009,300
17,07-2009,332
17,08-2009,192
17,09-2009,55
17,10-2009,83
17,11-2009,51
17,12-2009,135
17,01-2010,185
17,02-2010,332
17,03-2010,337
17,04-2010,63
17,05-2010,214
17,06-2010,120
17,07-2010,174
17,08-2010,77
17,09-2010,181
17,10-2010,221
17,11-2010,356
17,12-2010,145
17,01-2011,356
17,02-2011,140
17,03-2011,54
17,04-2011,206
17,05-2011,279
17,06-2011,95
17,07-2011,311
17,08-2011,250
17,09-2011,320
17,10-2011,155
17,11-2011,148
17,12-2011,255
17,01-2012,90
17,02-2012,97
17,03-2012,66
17,04-2012,118
17,05-2012,90
17,06-2012,41
17,07-2012,79
17,08-2012,147
17,09-2012,280
17,10-2012,359
17,11-2012,163
17,12-2012,80
18,01-2005,132
18,02-2005,99
18,03-2005,175
18,04-2005,168
18,05-2005,274
18,06-2005,42
18,07-2005,234
18,08-2005,293
18,09-2005,115
18,10-2005,28
18,11-2005,150
18,12-2005,128
18,01-2006,61
18,02-2006,341
18,03-2006,20
18,04-2006,253
18,05-2006,96
18,06-2006,108
18,07-2006,333
18,08-2006,100
18,09-2006,196
18,10-2006,31
18,11-2006,124
18,12-2006,332
18,01-2007,306
18,02-2007,21
18,03-2007,40
18,04-2007,185
18,05-2007,58
18,06-2007,142
18,07-2007,29
18,08-2007,35
18,09-2007,167
18,10-2007,137
18,11-2007,86
18,12-2007,37
18,01-2008,57
18,02-2008,137
18,03-2008,313
18,04-2008,263
18,05-2008,212
18,06-2008,155
18,07-2008,261
18,08-2008,144
18,09-2008,83
18,10-2008,184
18,11-2008,312
18,12-2008,328
18,01-2009,94
18,02-2009,345
18,03-2009,286
18,04-2009,178
18,05-2009,28
18,06-2009,350
18,07-2009,318
18,08-2009,127
18,09-2009,267
18,10-2009,307
18,11-2009,216
18,12-2009,284
18,01-2010,86
18,02-2010,345
18,03-2010,166
18,04-2010,90
18,05-2010,76
18,06-2010,169
18,07-2010,113
18,08-2010,22
18,09-2010,305
18,10-2010,302
18,11-2010,238
18,12-2010,152
18,01-2011,197
18,02-2011,350
18,03-2011,255
18,04-2011,292
18,05-2011,225
18,06-2011,283
18,07-2011,280
18,08-2011,214
18,09-2011,298
18,10-2011,166
18,11-2011,298
18,12-2011,326
18,01-2012,41
18,02-2012,297
18,03-2012,162
18,04-2012,245
18,05-2012,204
18,06-2012,207
18,07-2012,214
18,08-2012,214
18,09-2012,294
18,10-2012,114
18,11-2012,77
18,12-2012,154
19,01-2005,193
19,02-2005,123
19,03-2005,92
19,04-2005,348
19,05-2005,345
19,06-2005,91
19,07-2005,55
19,08-2005,32
19,09-2005,151
19,10-2005,86
19,11-2005,271
19,12-2005,222
19,01-2006,300
19,02-2006,189
19,03-2006,203
19,04-2006,114
19,05-2006,295
19,06-2006,296
19,07-2006,188
19,08-2006,286
19,09-2006,307
19,10-2006,320
19,11-2006,33
19,12-2006,168
19,01-2007,75
19,02-2007,257
19,03-2007,77
19,04-2007,33
19,05-2007,124
19,06-2007,346
19,07-2007,319
19,08-2007,265
19,09-2007,354
19,10-2007,221
19,11-2007,79
19,12-2007,351
19,01-2008,208
19,02-2008,156
19,03-2008,218
19,04-2008,305
19,05-2008,307
19,06-2008,114
19,07-2008,305
19,08-2008,92
19,09-2008,75
19,10-2008,201
19,11-2008,27
19,12-2008,209
19,01-2009,34
19,02-2009,33
19,03-2009,84
19,04-2009,215
19,05-2009,342
19,06-2009,149
19,07-2009,225
19,08-2009,334
19,09-2009,327
19,10-2009,34
19,11-2009,106
19,12-2009,315
19,01-2010,141
19,02-2010,251
19,03-2010,101
19,04-2010,71
19,05-2010,219
19,06-2010,17
19,07-2010,295
19,08-2010,84
19,09-2010,101
19,10-2010,204
19,11-2010,355
19,12-2010,29
19,01-2011,350
19,02-2011,22
19,03-2011,75
19,04-2011,335
19,05-2011,216
19,06-2011,227
19,07-2011,77
19,08-2011,127
19,09-2011,117
19,10-2011,269
19,11-2011,40
19,12-2011,30
19,01-2012,231
19,02-2012,30
19,03-2012,342
19,04-2012,140
19,05-2012,200
19,06-2012,188
19,07-2012,310
19,08-2012,90
19,09-2012,35
19,10-2012,280
19,11-2012,42
19,12-2012,204
20,01-2005,358
20,02-2005,78
20,03-2005,23
20,04-2005,195
20,05-2005,295
20,06-2005,44
20,07-2005,136
20,08-2005,295
20,09-2005,70
20,10-2005,336
20,11-2005,309
20,12-2005,225
20,01-2006,135
20,02-2006,83
20,03-2006,197
20,04-2006,82
20,05-2006,281
20,06-2006,33
20,07-2006,355
20,08-2006,127
20,09-2006,260
20,10-2006,114
20,11-2006,312
20,12-2006,169
20,01-2007,159
20,02-2007,165
20,03-2007,213
20,04-2007,262
20,05-2007,75
20,06-2007,308
20,07-2007,15
20,08-2007,235
20,09-2007,32
20,10-2007,211
20,11-2007,225
20,12-2007,181
20,01-2008,84
20,02-2008,238
20,03-2008,263
20,04-2008,141
20,05-2008,211
20,06-2008,42
20,07-2008,186
20,08-2008,216
20,09-2008,177
20,10-2008,54
20,11-2008,110
20,12-2008,58
20,01-2009,95
20,02-2009,315
20,03-2009,143
20,04-2009,301
20,05-2009,191
20,06-2009,288
20,07-2009,216
20,08-2009,111
20,09-2009,170
20,10-2009,353
20,11-2009,167
20,12-2009,82
20,01-2010,276
20,02-2010,46
20,03-2010,259
20,04-2010,287
20,05-2010,33
20,06-2010,282
20,07-2010,68
20,08-2010,126
20,09-2010,104
20,10-2010,246
20,11-2010,355
20,12-2010,44
20,01-2011,311
20,02-2011,262
20,03-2011,286
20,04-2011,37
20,05-2011,247
20,06-2011,217
20,07-2011,183
20,08-2011,224
20,09-2011,223
20,10-2011,176
20,11-2011,218
20,12-2011,44
20,01-2012,321
20,02-2012,131
20,03-2012,118
20,04-2012,341
20,05-2012,130
20,06-2012,182
20,07-2012,352
20,08-2012,15
20,09-2012,84
20,10-2012,42
20,11-2012,194
20,12-2012,206
21,01-2005,231
21,02-2005,242
21,03-2005,101
21,04-2005,323
21,05-2005,250
21,06-2005,281
21,07-2005,273
21,08-2005,156
21,09-2005,68
21,10-2005,325
21,11-2005,162
21,12-2005,155
21,01-2006,128
21,02-2006,24
21,03-2006,31
21,04-2006,169
21,05-2006,311
21,06-2006,137
21,07-2006,70
21,08-2006,91
21,09-2006,209
21,10-2006,257
21,11-2006,168
21,12-2006,61
21,01-2007,133
21,02-2007,301
21,03-2007,131
21,04-2007,318
21,05-2007,279
21,06-2007,105
21,07-2007,19
21,08-2007,254
21,09-2007,308
21,10-2007,351
21,11-2007,294
21,12-2007,302
21,01-2008,271
21,02-2008,76
21,03-2008,222
21,04-2008,106
21,05-2008,130
21,06-2008,289
21,07-2008,107
21,08-2008,162
21,09-2008,357
21,10-2008,135
21,11-2008,337
21,12-2008,223
21,01-2009,138
21,02-2009,130
21,03-2009,352
21,04-2009,132
21,05-2009,168
21,06-2009,252
21,07-2009,99
21,08-2009,220
21,09-2009,310
21,10-2009,212
21,11-2009,109
21,12-2009,47
21,01-2010,177
21,02-2010,306
21,03-2010,84
21,04-2010,203
21,05-2010,70
21,06-2010,199
21,07-2010,143
21,08-2010,195
21,09-2010,248
21,10-2010,337
21,11-2010,228
21,12-2010,272
21,01-2011,58
21,02-2011,267
21,03-2011,119
21,04-2011,45
21,05-2011,202
21,06-2011,37
21,07-2011,180
21,08-2011,169
21,09-2011,193
21,10-2011,154
21,11-2011,129
21,12-2011,89
21,01-2012,181
21,02-2012,204
21,03-2012,301
21,04-2012,345
21,05-2012,250
21,06-2012,78
21,07-2012,231
21,08-2012,176
21,09-2012,125
21,10-2012,129
21,11-2012,34
21,12-2012,249
22,01-2005,131
22,02-2005,159
22,03-2005,145
22,04-2005,162
22,05-2005,233
22,06-2005,189
22,07-2005,237
22,08-2005,325
22,09-2005,357
22,10-2005,224
22,11-2005,72
22,12-2005,224
22,01-2006,79
22,02-2006,131
22,03-2006,143
22,04-2006,133
22,05-2006,285
22,06-2006,16
22,07-2006,81
22,08-2006,69
22,09-2006,186
22,10-2006,357
22,11-2006,32
22,12-2006,43
22,01-2007,73
22,02-2007,320
22,03-2007,351
22,04-2007,123
22,05-2007,217
22,06-2007,192
22,07-2007,287
22,08-2007,255
22,09-2007,72
22,10-2007,43
22,11-2007,18
22,12-2007,126
22,01-2008,138
22,02-2008,280
22,03-2008,193
22,04-2008,107
22,05-2008,193
22,06-2008,198
22,07-2008,17
22,08-2008,226
22,09-2008,344
22,10-2008,275
22,11-2008,117
22,12-2008,121
22,01-2009,40
22,02-2009,58
22,03-2009,234
22,04-2009,281
22,05-2009,234
22,06-2009,307
22,07-2009,128
22,08-2009,93
22,09-2009,275
22,10-2009,179
22,11-2009,302
22,12-2009,268
22,01-2010,242
22,02-2010,122
22,03-2010,342
22,04-2010,139
22,05-2010,306
22,06-2010,355
22,07-2010,51
22,08-2010,143
22,09-2010,226
22,10-2010,54
22,11-2010,172
22,12-2010,333
22,01-2011,209
22,02-2011,275
22,03-2011,360
22,04-2011,56
22,05-2011,308
22,06-2011,329
22,07-2011,76
22,08-2011,179
22,09-2011,327
22,10-2011,171
22,11-2011,317
22,12-2011,288
22,01-2012,23
22,02-2012,331
22,03-2012,188
22,04-2012,163
22,05-2012,224
22,06-2012,122
22,07-2012,301
22,08-2012,282
22,09-2012,38
22,10-2012,25
22,11-2012,232
22,12-2012,342
23,01-2005,197
23,02-2005,310
23,03-2005,116
23,04-2005,25
23,05-2005,169
23,06-2005,354
23,07-2005,147
23,08-2005,166
23,09-2005,310
23,10-2005,122
23,11-2005,274
23,12-2005,308
23,01-2006,351
23,02-2006,246
23,03-2006,95
23,04-2006,38
23,05-2006,150
23,06-2006,250
23,07-2006,281
23,08-2006,314
23,09-2006,139
23,10-2006,217
23,11-2006,343
23,12-2006,73
23,01-2007,41
23,02-2007,360
23,03-2007,207
23,04-2007,158
23,05-2007,138
23,06-2007,204
23,07-2007,328
23,08-2007,46
23,09-2007,98
23,10-2007,19
23,11-2007,62
23,12-2007,251
23,01-2008,310
23,02-2008,337
23,03-2008,160
23,04-2008,46
23,05-2008,308
23,06-2008,196
23,07-2008,345
23,08-2008,47
23,09-2008,119
23,10-2008,223
23,11-2008,40
23,12-2008,317
23,01-2009,317
23,02-2009,308
23,03-2009,176
23,04-2009,64
23,05-2009,298
23,06-2009,19
23,07-2009,145
23,08-2009,52
23,09-2009,203
23,10-2009,168
23,11-2009,227
23,12-2009,55
23,01-2010,354
23,02-2010,119
23,03-2010,301
23,04-2010,175
23,05-2010,311
23,06-2010,100
23,07-2010,155
23,08-2010,167
23,09-2010,70
23,10-2010,147
23,11-2010,340
23,12-2010,222
23,01-2011,360
23,02-2011,330
23,03-2011,352
23,04-2011,341
23,05-2011,35
23,06-2011,354
23,07-2011,359
23,08-2011,267
23,09-2011,97
23,10-2011,253
23,11-2011,26
23,12-2011,72
23,01-2012,360
23,02-2012,149
23,03-2012,31
23,04-2012,315
23,05-2012,216
23,06-2012,189
23,07-2012,320
23,08-2012,319
23,09-2012,224
23,10-2012,96
23,11-2012,164
23,12-2012,181
24,01-2005,100
24,02-2005,228
24,03-2005,288
24,04-2005,278
24,05-2005,94
24,06-2005,199
24,07-2005,299
24,08-2005,77
24,09-2005,322
24,10-2005,280
24,11-2005,173
24,12-2005,296
24,01-2006,112
24,02-2006,281
24,03-2006,252
24,04-2006,344
24,05-2006,169
24,06-2006,141
24,07-2006,38
24,08-2006,56
24,09-2006,115
24,10-2006,137
24,11-2006,79
24,12-2006,336
24,01-2007,73
24,02-2007,199
24,03-2007,26
24,04-2007,268
24,05-2007,257
24,06-2007,332
24,07-2007,304
24,08-2007,113
24,09-2007,118
24,10-2007,125
24,11-2007,317
24,12-2007,241
24,01-2008,355
24,02-2008,115
24,03-2008,57
24,04-2008,65
24,05-2008,175
24,06-2008,236
24,07-2008,279
24,08-2008,107
24,09-2008,136
24,10-2008,15
24,11-2008,88
24,12-2008,98
24,01-2009,339
24,02-2009,341
24,03-2009,277
24,04-2009,208
24,05-2009,60
24,06-2009,43
24,07-2009,219
24,08-2009,111
24,09-2009,304
24,10-2009,65
24,11-2009,57
24,12-2009,324
24,01-2010,227
24,02-2010,88
24,03-2010,296
24,04-2010,333
24,05-2010,85
24,06-2010,284
24,07-2010,241
24,08-2010,131
24,09-2010,243
24,10-2010,107
24,11-2010,186
24,12-2010,193
24,01-2011,65
24,02-2011,37
24,03-2011,359
24,04-2011,137
24,05-2011,324
24,06-2011,140
24,07-2011,160
24,08-2011,211
24,09-2011,171
24,10-2011,282
24,11-2011,290
24,12-2011,287
24,01-2012,138
24,02-2012,211
24,03-2012,36
24,04-2012,340
24,05-2012,127
24,06-2012,303
24,07-2012,133
24,08-2012,333
24,09-2012,305
24,10-2012,272
24,11-2012,207
24,12-2012,149
25,01-2005,146
25,02-2005,27
25,03-2005,31
25,04-2005,341
25,05-2005,360
25,06-2005,101
25,07-2005,84
25,08-2005,240
25,09-2005,81
25,10-2005,245
25,11-2005,268
25,12-2005,188
25,01-2006,59
25,02-2006,334
25,03-2006,116
25,04-2006,324
25,05-2006,191
25,06-2006,334
25,07-2006,350
25,08-2006,50
25,09-2006,38
25,10-2006,314
25,11-2006,328
25,12-2006,85
25,01-2007,24
25,02-2007,213
25,03-2007,297
25,04-2007,350
25,05-2007,21
25,06-2007,109
25,07-2007,127
25,08-2007,218
25,09-2007,241
25,10-2007,152
25,11-2007,140
25,12-2007,173
25,01-2008,138
25,02-2008,125
25,03-2008,315
25,04-2008,162
25,05-2008,248
25,06-2008,25
25,07-2008,56
25,08-2008,276
25,09-2008,100
25,10-2008,58
25,11-2008,269
25,12-2008,82
25,01-2009,243
25,02-2009,295
25,03-2009,341
25,04-2009,42
25,05-2009,278
25,06-2009,65
25,07-2009,212
25,08-2009,323
25,09-2009,347
25,10-2009,68
25,11-2009,269
25,12-2009,115
25,01-2010,192
25,02-2010,68
25,03-2010,287
25,04-2010,228
25,05-2010,293
25,06-2010,251
25,07-2010,174
25,08-2010,155
25,09-2010,352
25,10-2010,298
25,11-2010,29
25,12-2010,77
25,01-2011,244
25,02-2011,94
25,03-2011,352
25,04-2011,129
25,05-2011,266
25,06-2011,68
25,07-2011,237
25,08-2011,302
25,09-2011,272
25,10-2011,310
25,11-2011,37
25,12-2011,94
25,01-2012,253
25,02-2012,336
25,03-2012,168
25,04-2012,217
25,05-2012,191
25,06-2012,252
25,07-2012,117
25,08-2012,49
25,09-2012,16
25,10-2012,189
25,11-2012,67
25,12-2012,340
26,01-2005,35
26,02-2005,287
26,03-2005,339
26,04-2005,27
26,05-2005,36
26,06-2005,29
26,07-2005,101
26,08-2005,241
26,09-2005,86
26,10-2005,137
26,11-2005,110
26,12-2005,74
26,01-2006,94
26,02-2006,26
26,03-2006,51
26,04-2006,183
26,05-2006,177
26,06-2006,219
26,07-2006,134
26,08-2006,325
26,09-2006,120
26,10-2006,231
26,11-2006,242
26,12-2006,52
26,01-2007,351
26,02-2007,54
26,03-2007,150
26,04-2007,80
26,05-2007,142
26,06-2007,304
26,07-2007,311
26,08-2007,278
26,09-2007,39
26,10-2007,346
26,11-2007,186
26,12-2007,127
26,01-2008,168
26,02-2008,281
26,03-2008,115
26,04-2008,138
26,05-2008,217
26,06-2008,348
26,07-2008,335
26,08-2008,304
26,09-2008,236
26,10-2008,330
26,11-2008,206
26,12-2008,271
26,01-2009,286
26,02-2009,224
26,03-2009,339
26,04-2009,175
26,05-2009,263
26,06-2009,232
26,07-2009,91
26,08-2009,59
26,09-2009,178
26,10-2009,161
26,11-2009,275
26,12-2009,342
26,01-2010,160
26,02-2010,138
26,03-2010,25
26,04-2010,235
26,05-2010,134
26,06-2010,155
26,07-2010,349
26,08-2010,124
26,09-2010,73
26,10-2010,108
26,11-2010,306
26,12-2010,334
26,01-2011,42
26,02-2011,229
26,03-2011,97
26,04-2011,359
26,05-2011,195
26,06-2011,257
26,07-2011,134
26,08-2011,334
26,09-2011,330
26,10-2011,344
26,11-2011,50
26,12-2011,272
26,01-2012,29
26,02-2012,275
26,03-2012,88
26,04-2012,48
26,05-2012,347
26,06-2012,248
26,07-2012,218
26,08-2012,311
26,09-2012,280
26,10-2012,244
26,11-2012,165
26,12-2012,358
27,01-2005,55
27,02-2005,71
27,03-2005,46
27,04-2005,40
27,05-2005,308
27,06-2005,244
27,07-2005,44
27,08-2005,249
27,09-2005,292
27,10-2005,279
27,11-2005,98
27,12-2005,124
27,01-2006,316
27,02-2006,269
27,03-2006,197
27,04-2006,45
27,05-2006,39
27,06-2006,172
27,07-2006,102
27,08-2006,64
27,09-2006,169
27,10-2006,355
27,11-2006,213
27,12-2006,312
27,01-2007,87
27,02-2007,40
27,03-2007,115
27,04-2007,268
27,05-2007,226
27,06-2007,103
27,07-2007,325
27,08-2007,269
27,09-2007,51
27,10-2007,280
27,11-2007,129
27,12-2007,197
27,01-2008,251
27,02-2008,49
27,03-2008,128
27,04-2008,36
27,05-2008,308
27,06-2008,126
27,07-2008,116
27,08-2008,253
27,09-2008,104
27,10-2008,148
27,11-2008,210
27,12-2008,50
27,01-2009,292
27,02-2009,138
27,03-2009,342
27,04-2009,320
27,05-2009,295
27,06-2009,256
27,07-2009,265
27,08-2009,163
27,09-2009,219
27,10-2009,191
27,11-2009,147
27,12-2009,190
27,01-2010,257
27,02-2010,69
27,03-2010,269
27,04-2010,44
27,05-2010,240
27,06-2010,313
27,07-2010,245
27,08-2010,179
27,09-2010,338
27,10-2010,177
27,11-2010,200
27,12-2010,128
27,01-2011,196
27,02-2011,33
27,03-2011,352
27,04-2011,175
27,05-2011,262
27,06-2011,173
27,07-2011,57
27,08-2011,179
27,09-2011,327
27,10-2011,315
27,11-2011,169
27,12-2011,289
27,01-2012,115
27,02-2012,70
27,03-2012,263
27,04-2012,143
27,05-2012,233
27,06-2012,15
27,07-2012,172
27,08-2012,33
27,09-2012,354
27,10-2012,256
27,11-2012,239
27,12-2012,27
28,01-2005,291
28,02-2005,295
28,03-2005,192
28,04-2005,71
28,05-2005,220
28,06-2005,124
28,07-2005,68
28,08-2005,238
28,09-2005,36
28,10-2005,341
28,11-2005,22
28,12-2005,344
28,01-2006,65
28,02-2006,55
28,03-2006,147
28,04-2006,348
28,05-2006,284
28,06-2006,44
28,07-2006,110
28,08-2006,291
28,09-2006,40
28,10-2006,227
28,11-2006,148
28,12-2006,29
28,01-2007,292
28,02-2007,256
28,03-2007,131
28,04-2007,49
28,05-2007,318
28,06-2007,359
28,07-2007,326
28,08-2007,37
28,09-2007,216
28,10-2007,184
28,11-2007,64
28,12-2007,48
28,01-2008,52
28,02-2008,215
28,03-2008,114
28,04-2008,248
28,05-2008,203
28,06-2008,295
28,07-2008,332
28,08-2008,248
28,09-2008,248
28,10-2008,198
28,11-2008,170
28,12-2008,243
28,01-2009,28
28,02-2009,238
28,03-2009,237
28,04-2009,137
28,05-2009,160
28,06-2009,75
28,07-2009,42
28,08-2009,302
28,09-2009,95
28,10-2009,137
28,11-2009,165
28,12-2009,351
28,01-2010,334
28,02-2010,192
28,03-2010,36
28,04-2010,148
28,05-2010,53
28,06-2010,98
28,07-2010,241
28,08-2010,188
28,09-2010,117
28,10-2010,271
28,11-2010,231
28,12-2010,304
28,01-2011,323
28,02-2011,93
28,03-2011,340
28,04-2011,255
28,05-2011,91
28,06-2011,100
28,07-2011,143
28,08-2011,113
28,09-2011,292
28,10-2011,191
28,11-2011,276
28,12-2011,219
28,01-2012,19
28,02-2012,221
28,03-2012,358
28,04-2012,66
28,05-2012,278
28,06-2012,103
28,07-2012,360
28,08-2012,196
28,09-2012,61
28,10-2012,189
28,11-2012,131
28,12-2012,221
29,01-2005,57
29,02-2005,272
29,03-2005,122
29,04-2005,277
29,05-2005,225
29,06-2005,210
29,07-2005,274
29,08-2005,120
29,09-2005,55
29,10-2005,103
29,11-2005,100
29,12-2005,236
29,01-2006,142
29,02-2006,103
29,03-2006,116
29,04-2006,249
29,05-2006,245
29,06-2006,37
29,07-2006,20
29,08-2006,52
29,09-2006,256
29,10-2006,186
29,11-2006,24
29,12-2006,226
29,01-2007,36
29,02-2007,138
29,03-2007,89
29,04-2007,41
29,05-2007,176
29,06-2007,59
29,07-2007,239
29,08-2007,162
29,09-2007,154
29,10-2007,233
29,11-2007,284
29,12-2007,107
29,01-2008,98
29,02-2008,289
29,03-2008,228
29,04-2008,312
29,05-2008,134
29,06-2008,273
29,07-2008,339
29,08-2008,173
29,09-2008,188
29,10-2008,298
29,11-2008,170
29,12-2008,258
29,01-2009,78
29,02-2009,262
29,03-2009,140
29,04-2009,21
29,05-2009,114
29,06-2009,113
29,07-2009,211
29,08-2009,291
29,09-2009,41
29,10-2009,233
29,11-2009,50
29,12-2009,31
29,01-2010,260
29,02-2010,242
29,03-2010,252
29,04-2010,150
29,05-2010,244
29,06-2010,290
29,07-2010,312
29,08-2010,114
29,09-2010,195
29,10-2010,102
29,11-2010,88
29,12-2010,51
29,01-2011,78
29,02-2011,61
29,03-2011,330
29,04-2011,26
29,05-2011,239
29,06-2011,18
29,07-2011,310
29,08-2011,294
29,09-2011,143
29,10-2011,249
29,11-2011,230
29,12-2011,133
29,01-2012,179
29,02-2012,40
29,03-2012,170
29,04-2012,201
29,05-2012,129
29,06-2012,160
29,07-2012,215
29,08-2012,85
29,09-2012,281
29,10-2012,206
29,11-2012,75
29,12-2012,138
30,01-2005,256
30,02-2005,56
30,03-2005,187
30,04-2005,181
30,05-2005,256
30,06-2005,247
30,07-2005,46
30,08-2005,77
30,09-2005,182
30,10-2005,124
30,11-2005,267
30,12-2005,186
30,01-2006,66
30,02-2006,305
30,03-2006,196
30,04-2006,197
30,05-2006,338
30,06-2006,16
30,07-2006,21
30,08-2006,290
30,09-2006,165
30,10-2006,82
30,11-2006,304
30,12-2006,255
30,01-2007,104
30,02-2007,141
30,03-2007,179
30,04-2007,258
30,05-2007,190
30,06-2007,154
30,07-2007,306
30,08-2007,237
30,09-2007,118
30,10-2007,184
30,11-2007,133
30,12-2007,264
30,01-2008,308
30,02-2008,319
30,03-2008,209
30,04-2008,192
30,05-2008,236
30,06-2008,319
30,07-2008,323
30,08-2008,254
30,09-2008,210
30,10-2008,57
30,11-2008,103
30,12-2008,87
30,01-2009,175
30,02-2009,99
30,03-2009,193
30,04-2009,39
30,05-2009,191
30,06-2009,107
30,07-2009,163
30,08-2009,78
30,09-2009,218
30,10-2009,353
30,11-2009,252
30,12-2009,296
30,01-2010,327
30,02-2010,115
30,03-2010,21
30,04-2010,258
30,05-2010,125
30,06-2010,233
30,07-2010,199
30,08-2010,39
30,09-2010,275
30,10-2010,223
30,11-2010,235
30,12-2010,237
30,01-2011,335
30,02-2011,260
30,03-2011,209
30,04-2011,346
30,05-2011,93
30,06-2011,277
30,07-2011,205
30,08-2011,113
30,09-2011,286
30,10-2011,349
30,11-2011,106
30,12-2011,188
30,01-2012,114
30,02-2012,232
30,03-2012,37
30,04-2012,193
30,05-2012,279
30,06-2012,276
30,07-2012,341
30,08-2012,346
30,09-2012,68
30,10-2012,305
30,11-2012,336
30,12-2012,233
31,01-2005,188
31,02-2005,111
31,03-2005,25
31,04-2005,229
31,05-2005,107
31,06-2005,240
31,07-2005,324
31,08-2005,47
31,09-2005,228
31,10-2005,335
31,11-2005,93
31,12-2005,232
31,01-2006,103
31,02-2006,254
31,03-2006,17
31,04-2006,89
31,05-2006,87
31,06-2006,75
31,07-2006,360
31,08-2006,48
31,09-2006,303
31,10-2006,182
31,11-2006,76
31,12-2006,85
31,01-2007,111
31,02-2007,147
31,03-2007,215
31,04-2007,267
31,05-2007,143
31,06-2007,150
31,07-2007,16
31,08-2007,119
31,09-2007,307
31,10-2007,259
31,11-2007,233
31,12-2007,130
31,01-2008,57
31,02-2008,346
31,03-2008,260
31,04-2008,189
31,05-2008,319
31,06-2008,166
31,07-2008,271
31,08-2008,140
31,09-2008,289
31,10-2008,85
31,11-2008,213
31,12-2008,351
31,01-2009,346
31,02-2009,269
31,03-2009,357
31,04-2009,31
31,05-2009,16
31,06-2009,41
31,07-2009,85
31,08-2009,304
31,09-2009,132
31,10-2009,123
31,11-2009,263
31,12-2009,346
31,01-2010,251
31,02-2010,44
31,03-2010,188
31,04-2010,238
31,05-2010,38
31,06-2010,20
31,07-2010,200
31,08-2010,171
31,09-2010,218
31,10-2010,143
31,11-2010,320
31,12-2010,139
31,01-2011,250
31,02-2011,302
31,03-2011,78
31,04-2011,95
31,05-2011,127
31,06-2011,320
31,07-2011,344
31,08-2011,50
31,09-2011,205
31,10-2011,172
31,11-2011,116
31,12-2011,165
31,01-2012,51
31,02-2012,47
31,03-2012,30
31,04-2012,109
31,05-2012,138
31,06-2012,310
31,07-2012,174
31,08-2012,343
31,09-2012,125
31,10-2012,91
31,11-2012,347
31,12-2012,145
32,01-2005,320
32,02-2005,272
32,03-2005,214
32,04-2005,297
32,05-2005,266
32,06-2005,259
32,07-2005,310
32,08-2005,306
32,09-2005,151
32,10-2005,310
32,11-2005,234
32,12-2005,207
32,01-2006,93
32,02-2006,203
32,03-2006,249
32,04-2006,161
32,05-2006,183
32,06-2006,314
32,07-2006,16
32,08-2006,179
32,09-2006,57
32,10-2006,332
32,11-2006,40
32,12-2006,181
32,01-2007,100
32,02-2007,188
32,03-2007,153
32,04-2007,304
32,05-2007,257
32,06-2007,284
32,07-2007,293
32,08-2007,50
32,09-2007,254
32,10-2007,320
32,11-2007,176
32,12-2007,165
32,01-2008,199
32,02-2008,19
32,03-2008,148
32,04-2008,56
32,05-2008,51
32,06-2008,278
32,07-2008,95
32,08-2008,261
32,09-2008,122
32,10-2008,139
32,11-2008,279
32,12-2008,252
32,01-2009,158
32,02-2009,188
32,03-2009,39
32,04-2009,199
32,05-2009,292
32,06-2009,131
32,07-2009,110
32,08-2009,245
32,09-2009,298
32,10-2009,245
32,11-2009,299
32,12-2009,351
32,01-2010,150
32,02-2010,51
32,03-2010,272
32,04-2010,83
32,05-2010,170
32,06-2010,275
32,07-2010,29
32,08-2010,217
32,09-2010,253
32,10-2010,88
32,11-2010,202
32,12-2010,16
32,01-2011,356
32,02-2011,44
32,03-2011,157
32,04-2011,220
32,05-2011,296
32,06-2011,54
32,07-2011,232
32,08-2011,114
32,09-2011,266
32,10-2011,262
32,11-2011,327
32,12-2011,245
32,01-2012,339
32,02-2012,77
32,03-2012,18
32,04-2012,87
32,05-2012,223
32,06-2012,225
32,07-2012,311
32,08-2012,237
32,09-2012,232
32,10-2012,351
32,11-2012,152
32,12-2012,248
33,01-2005,264
33,02-2005,338
33,03-2005,214
33,04-2005,72
33,05-2005,119
33,06-2005,73
33,07-2005,310
33,08-2005,299
33,09-2005,37
33,10-2005,158
33,11-2005,104
33,12-2005,202
33,01-2006,258
33,02-2006,94
33,03-2006,24
33,04-2006,225
33,05-2006,93
33,06-2006,287
33,07-2006,184
33,08-2006,351
33,09-2006,325
33,10-2006,155
33,11-2006,188
33,12-2006,344
33,01-2007,174
33,02-2007,149
33,03-2007,237
33,04-2007,256
33,05-2007,19
33,06-2007,276
33,07-2007,100
33,08-2007,157
33,09-2007,135
33,10-2007,272
33,11-2007,333
33,12-2007,42
33,01-2008,31
33,02-2008,15
33,03-2008,320
33,04-2008,217
33,05-2008,165
33,06-2008,348
33,07-2008,79
33,08-2008,240
33,09-2008,33
33,10-2008,137
33,11-2008,75
33,12-2008,119
33,01-2009,249
33,02-2009,175
33,03-2009,167
33,04-2009,126
33,05-2009,312
33,06-2009,185
33,07-2009,244
33,08-2009,247
33,09-2009,287
33,10-2009,68
33,11-2009,19
33,12-2009,273
33,01-2010,185
33,02-2010,205
33,03-2010,179
33,04-2010,91
33,05-2010,225
33,06-2010,339
33,07-2010,113
33,08-2010,141
33,09-2010,268
33,10-2010,290
33,11-2010,119
33,12-2010,338
33,01-2011,339
33,02-2011,148
33,03-2011,226
33,04-2011,141
33,05-2011,27
33,06-2011,19
33,07-2011,261
33,08-2011,180
33,09-2011,21
33,10-2011,306
33,11-2011,30
33,12-2011,106
33,01-2012,77
33,02-2012,90
33,03-2012,92
33,04-2012,346
33,05-2012,16
33,06-2012,278
33,07-2012,321
33,08-2012,132
33,09-2012,116
33,10-2012,240
33,11-2012,78
33,12-2012,306
34,01-2005,220
34,02-2005,239
34,03-2005,83
34,04-2005,210
34,05-2005,162
34,06-2005,115
34,07-2005,331
34,08-2005,257
34,09-2005,315
34,10-2005,112
34,11-2005,356
34,12-2005,351
34,01-2006,255
34,02-2006,339
34,03-2006,161
34,04-2006,358
34,05-2006,66
34,06-2006,20
34,07-2006,328
34,08-2006,195
34,09-2006,234
34,10-2006,250
34,11-2006,47
34,12-2006,146
34,01-2007,124
34,02-2007,264
34,03-2007,84
34,04-2007,136
34,05-2007,128
34,06-2007,140
34,07-2007,54
34,08-2007,96
34,09-2007,290
34,10-2007,142
34,11-2007,356
34,12-2007,297
34,01-2008,60
34,02-2008,59
34,03-2008,328
34,04-2008,349
34,05-2008,138
34,06-2008,297
34,07-2008,264
34,08-2008,255
34,09-2008,40
34,10-2008,117
34,11-2008,326
34,12-2008,348
34,01-2009,329
34,02-2009,56
34,03-2009,337
34,04-2009,113
34,05-2009,231
34,06-2009,248
34,07-2009,170
34,08-2009,305
34,09-2009,282
34,10-2009,140
34,11-2009,28
34,12-2009,351
34,01-2010,319
34,02-2010,33
34,03-2010,175
34,04-2010,269
34,05-2010,269
34,06-2010,170
34,07-2010,28
34,08-2010,136
34,09-2010,103
34,10-2010,268
34,11-2010,138
34,12-2010,15
34,01-2011,323
34,02-2011,266
34,03-2011,179
34,04-2011,290
34,05-2011,241
34,06-2011,304
34,07-2011,285
34,08-2011,167
34,09-2011,283
34,10-2011,29
34,11-2011,152
34,12-2011,265
34,01-2012,70
34,02-2012,86
34,03-2012,142
34,04-2012,75
34,05-2012,155
34,06-2012,171
34,07-2012,42
34,08-2012,182
34,09-2012,263
34,10-2012,42
34,11-2012,195
34,12-2012,251
35,01-2005,106
35,02-2005,244
35,03-2005,80
35,04-2005,259
35,05-2005,73
35,06-2005,255
35,07-2005,158
35,08-2005,320
35,09-2005,136
35,10-2005,45
35,11-2005,350
35,12-2005,42
35,01-2006,238
35,02-2006,19
35,03-2006,112
35,04-2006,311
35,05-2006,84
35,06-2006,297
35,07-2006,196
35,08-2006,261
35,09-2006,304
35,10-2006,240
35,11-2006,80
35,12-2006,157
35,01-2007,72
35,02-2007,305
35,03-2007,264
35,04-2007,103
35,05-2007,189
35,06-2007,119
35,07-2007,163
35,08-2007,310
35,09-2007,97
35,10-2007,144
35,11-2007,92
35,12-2007,182
35,01-2008,62
35,02-2008,357
35,03-2008,203
35,04-2008,350
35,05-2008,161
35,06-2008,309
35,07-2008,212
35,08-2008,152
35,09-2008,269
35,10-2008,46
35,11-2008,110
35,12-2008,57
35,01-2009,204
35,02-2009,223
35,03-2009,105
35,04-2009,104
35,05-2009,108
35,06-2009,149
35,07-2009,216
35,08-2009,126
35,09-2009,38
35,10-2009,252
35,11-2009,46
35,12-2009,154
35,01-2010,319
35,02-2010,238
35,03-2010,303
35,04-2010,50
35,05-2010,38
35,06-2010,181
35,07-2010,213
35,08-2010,313
35,09-2010,251
35,10-2010,263
35,11-2010,67
35,12-2010,24
35,01-2011,233
35,02-2011,22
35,03-2011,202
35,04-2011,190
35,05-2011,116
35,06-2011,328
35,07-2011,247
35,08-2011,342
35,09-2011,194
35,10-2011,300
35,11-2011,97
35,12-2011,132
35,01-2012,293
35,02-2012,315
35,03-2012,272
35,04-2012,240
35,05-2012,178
35,06-2012,218
35,07-2012,187
35,08-2012,254
35,09-2012,110
35,10-2012,331
35,11-2012,57
35,12-2012,246
36,01-2005,252
36,02-2005,353
36,03-2005,293
36,04-2005,183
36,05-2005,119
36,06-2005,195
36,07-2005,270
36,08-2005,324
36,09-2005,41
36,10-2005,18
36,11-2005,50
36,12-2005,251
36,01-2006,326
36,02-2006,98
36,03-2006,20
36,04-2006,290
36,05-2006,328
36,06-2006,167
36,07-2006,192
36,08-2006,240
36,09-2006,23
36,10-2006,218
36,11-2006,80
36,12-2006,150
36,01-2007,155
36,02-2007,316
36,03-2007,184
36,04-2007,140
36,05-2007,342
36,06-2007,70
36,07-2007,345
36,08-2007,191
36,09-2007,275
36,10-2007,164
36,11-2007,164
36,12-2007,18
36,01-2008,81
36,02-2008,232
36,03-2008,278
36,04-2008,218
36,05-2008,275
36,06-2008,28
36,07-2008,108
36,08-2008,44
36,09-2008,344
36,10-2008,309
36,11-2008,183
36,12-2008,202
36,01-2009,323
36,02-2009,282
36,03-2009,83
36,04-2009,259
36,05-2009,272
36,06-2009,143
36,07-2009,146
36,08-2009,72
36,09-2009,204
36,10-2009,211
36,11-2009,219
36,12-2009,193
36,01-2010,96
36,02-2010,34
36,03-2010,41
36,04-2010,125
36,05-2010,323
36,06-2010,229
36,07-2010,203
36,08-2010,194
36,09-2010,251
36,10-2010,266
36,11-2010,322
36,12-2010,324
36,01-2011,292
36,02-2011,338
36,03-2011,44
36,04-2011,219
36,05-2011,54
36,06-2011,95
36,07-2011,54
36,08-2011,247
36,09-2011,230
36,10-2011,262
36,11-2011,240
36,12-2011,38
36,01-2012,162
36,02-2012,227
36,03-2012,232
36,04-2012,321
36,05-2012,41
36,06-2012,283
36,07-2012,118
36,08-2012,38
36,09-2012,78
36,10-2012,91
36,11-2012,347
36,12-2012,108
37,01-2005,302
37,02-2005,41
37,03-2005,246
37,04-2005,15
37,05-2005,145
37,06-2005,130
37,07-2005,226
37,08-2005,253
37,09-2005,180
37,10-2005,248
37,11-2005,309
37,12-2005,111
37,01-2006,214
37,02-2006,148
37,03-2006,119
37,04-2006,269
37,05-2006,207
37,06-2006,131
37,07-2006,114
37,08-2006,356
37,09-2006,297
37,10-2006,119
37,11-2006,134
37,12-2006,100
37,01-2007,263
37,02-2007,245
37,03-2007,204
37,04-2007,249
37,05-2007,269
37,06-2007,225
37,07-2007,36
37,08-2007,209
37,09-2007,37
37,10-2007,199
37,11-2007,60
37,12-2007,322
37,01-2008,29
37,02-2008,162
37,03-2008,252
37,04-2008,133
37,05-2008,184
37,06-2008,179
37,07-2008,149
37,08-2008,273
37,09-2008,311
37,10-2008,225
37,11-2008,299
37,12-2008,68
37,01-2009,324
37,02-2009,235
37,03-2009,29
37,04-2009,49
37,05-2009,175
37,06-2009,153
37,07-2009,211
37,08-2009,234
37,09-2009,290
37,10-2009,202
37,11-2009,130
37,12-2009,357
37,01-2010,64
37,02-2010,289
37,03-2010,268
37,04-2010,107
37,05-2010,116
37,06-2010,105
37,07-2010,124
37,08-2010,121
37,09-2010,59
37,10-2010,214
37,11-2010,228
37,12-2010,222
37,01-2011,284
37,02-2011,98
37,03-2011,347
37,04-2011,301
37,05-2011,72
37,06-2011,327
37,07-2011,188
37,08-2011,168
37,09-2011,246
37,10-2011,34
37,11-2011,179
37,12-2011,146
37,01-2012,359
37,02-2012,299
37,03-2012,154
37,04-2012,106
37,05-2012,215
37,06-2012,228
37,07-2012,352
37,08-2012,33
37,09-2012,203
37,10-2012,197
37,11-2012,251
37,12-2012,143
38,01-2005,59
38,02-2005,106
38,03-2005,252
38,04-2005,231
38,05-2005,74
38,06-2005,233
38,07-2005,132
38,08-2005,330
38,09-2005,155
38,10-2005,261
38,11-2005,77
38,12-2005,37
38,01-2006,81
38,02-2006,111
38,03-2006,45
38,04-2006,110
38,05-2006,138
38,06-2006,286
38,07-2006,272
38,08-2006,300
38,09-2006,45
38,10-2006,264
38,11-2006,58
38,12-2006,264
38,01-2007,64
38,02-2007,274
38,03-2007,291
38,04-2007,255
38,05-2007,30
38,06-2007,85
38,07-2007,308
38,08-2007,332
38,09-2007,16
38,10-2007,55
38,11-2007,341
38,12-2007,206
38,01-2008,30
38,02-2008,241
38,03-2008,45
38,04-2008,69
38,05-2008,55
38,06-2008,195
38,07-2008,262
38,08-2008,356
38,09-2008,27
38,10-2008,95
38,11-2008,258
38,12-2008,289
38,01-2009,102
38,02-2009,353
38,03-2009,25
38,04-2009,115
38,05-2009,78
38,06-2009,185
38,07-2009,247
38,08-2009,359
38,09-2009,213
38,10-2009,70
38,11-2009,193
38,12-2009,78
38,01-2010,68
38,02-2010,47
38,03-2010,139
38,04-2010,183
38,05-2010,15
38,06-2010,40
38,07-2010,189
38,08-2010,171
38,09-2010,111
38,10-2010,241
38,11-2010,322
38,12-2010,315
38,01-2011,192
38,02-2011,214
38,03-2011,284
38,04-2011,195
38,05-2011,53
38,06-2011,246
38,07-2011,311
38,08-2011,48
38,09-2011,112
38,10-2011,34
38,11-2011,319
38,12-2011,85
38,01-2012,128
38,02-2012,30
38,03-2012,341
38,04-2012,321
38,05-2012,339
38,06-2012,292
38,07-2012,20
38,08-2012,61
38,09-2012,70
38,10-2012,325
38,11-2012,313
38,12-2012,101
39,01-2005,20
39,02-2005,202
39,03-2005,45
39,04-2005,318
39,05-2005,271
39,06-2005,291
39,07-2005,231
39,08-2005,282
39,09-2005,45
39,10-2005,100
39,11-2005,262
39,12-2005,42
39,01-2006,179
39,02-2006,219
39,03-2006,160
39,04-2006,248
39,05-2006,51
39,06-2006,352
39,07-2006,246
39,08-2006,358
39,09-2006,52
39,10-2006,326
39,11-2006,104
39,12-2006,234
39,01-2007,277
39,02-2007,107
39,03-2007,240
39,04-2007,110
39,05-2007,152
39,06-2007,131
39,07-2007,272
39,08-2007,236
39,09-2007,48
39,10-2007,118
39,11-2007,192
39,12-2007,195
39,01-2008,246
39,02-2008,232
39,03-2008,86
39,04-2008,311
39,05-2008,112
39,06-2008,65
39,07-2008,320
39,08-2008,346
39,09-2008,261
39,10-2008,136
39,11-2008,304
39,12-2008,214
39,01-2009,224
39,02-2009,235
39,03-2009,122
39,04-2009,353
39,05-2009,30
39,06-2009,282
39,07-2009,190
39,08-2009,50
39,09-2009,248
39,10-2009,177
39,11-2009,101
39,12-2009,140
39,01-2010,176
39,02-2010,41
39,03-2010,214
39,04-2010,240
39,05-2010,182
39,06-2010,216
39,07-2010,44
39,08-2010,39
39,09-2010,202
39,10-2010,327
39,11-2010,268
39,12-2010,28
39,01-2011,253
39,02-2011,222
39,03-2011,104
39,04-2011,121
39,05-2011,324
39,06-2011,186
39,07-2011,212
39,08-2011,149
39,09-2011,150
39,10-2011,250
39,11-2011,335
39,12-2011,328
39,01-2012,135
39,02-2012,90
39,03-2012,121
39,04-2012,83
39,05-2012,55
39,06-2012,37
39,07-2012,66
39,08-2012,257
39,09-2012,217
39,10-2012,175
39,11-2012,140
39,12-2012,257
40,01-2005,23
40,02-2005,303
40,03-2005,79
40,04-2005,310
40,05-2005,320
40,06-2005,298
40,07-2005,72
40,08-2005,104
40,09-2005,114
40,10-2005,308
40,11-2005,259
40,12-2005,249
40,01-2006,176
40,02-2006,333
40,03-2006,279
40,04-2006,98
40,05-2006,154
40,06-2006,127
40,07-2006,178
40,08-2006,106
40,09-2006,175
40,10-2006,292
40,11-2006,285
40,12-2006,41
40,01-2007,323
40,02-2007,212
40,03-2007,106
40,04-2007,77
40,05-2007,66
40,06-2007,192
40,07-2007,36
40,08-2007,135
40,09-2007,134
40,10-2007,153
40,11-2007,171
40,12-2007,47
40,01-2008,324
40,02-2008,330
40,03-2008,156
40,04-2008,52
40,05-2008,17
40,06-2008,110
40,07-2008,15
40,08-2008,202
40,09-2008,126
40,10-2008,276
40,11-2008,36
40,12-2008,135
40,01-2009,84
40,02-2009,90
40,03-2009,349
40,04-2009,154
40,05-2009,316
40,06-2009,336
40,07-2009,308
40,08-2009,159
40,09-2009,290
40,10-2009,90
40,11-2009,348
40,12-2009,192
40,01-2010,270
40,02-2010,151
40,03-2010,296
40,04-2010,212
40,05-2010,164
40,06-2010,83
40,07-2010,312
40,08-2010,238
40,09-2010,280
40,10-2010,55
40,11-2010,353
40,12-2010,267
40,01-2011,334
40,02-2011,145
40,03-2011,288
40,04-2011,185
40,05-2011,202
40,06-2011,128
40,07-2011,180
40,08-2011,49
40,09-2011,265
40,10-2011,352
40,11-2011,221
40,12-2011,177
40,01-2012,326
40,02-2012,251
40,03-2012,74
40,04-2012,319
40,05-2012,325
40,06-2012,15
40,07-2012,212
40,08-2012,132
40,09-2012,112
40,10-2012,229
40,11-2012,162
40,12-2012,95
41,01-2005,187
41,02-2005,356
41,03-2005,248
41,04-2005,42
41,05-2005,85
41,06-2005,278
41,07-2005,44
41,08-2005,344
41,09-2005,39
41,10-2005,153
41,11-2005,17
41,12-2005,314
41,01-2006,272
41,02-2006,68
41,03-2006,167
41,04-2006,222
41,05-2006,348
41,06-2006,44
41,07-2006,125
41,08-2006,28
41,09-2006,288
41,10-2006,284
41,11-2006,58
41,12-2006,192
41,01-2007,21
41,02-2007,35
41,03-2007,274
41,04-2007,294
41,05-2007,271
41,06-2007,70
41,07-2007,354
41,08-2007,133
41,09-2007,57
41,10-2007,27
41,11-2007,79
41,12-2007,154
41,01-2008,134
41,02-2008,80
41,03-2008,227
41,04-2008,29
41,05-2008,196
41,06-2008,309
41,07-2008,270
41,08-2008,252
41,09-2008,51
41,10-2008,57
41,11-2008,245
41,12-2008,177
41,01-2009,61
41,02-2009,95
41,03-2009,210
41,04-2009,101
41,05-2009,251
41,06-2009,261
41,07-2009,294
41,08-2009,136
41,09-2009,233
41,10-2009,94
41,11-2009,323
41,12-2009,107
41,01-2010,300
41,02-2010,228
41,03-2010,156
41,04-2010,178
41,05-2010,121
41,06-2010,231
41,07-2010,267
41,08-2010,320
41,09-2010,213
41,10-2010,159
41,11-2010,112
41,12-2010,33
41,01-2011,357
41,02-2011,69
41,03-2011,44
41,04-2011,49
41,05-2011,255
41,06-2011,151
41,07-2011,309
41,08-2011,24
41,09-2011,89
41,10-2011,108
41,11-2011,202
41,12-2011,335
41,01-2012,272
41,02-2012,173
41,03-2012,121
41,04-2012,113
41,05-2012,195
41,06-2012,335
41,07-2012,147
41,08-2012,315
41,09-2012,230
41,10-2012,230
41,11-2012,25
41,12-2012,255
42,01-2005,267
42,02-2005,206
42,03-2005,294
42,04-2005,215
42,05-2005,18
42,06-2005,241
42,07-2005,238
42,08-2005,329
42,09-2005,164
42,10-2005,92
42,11-2005,153
42,12-2005,53
42,01-2006,36
42,02-2006,356
42,03-2006,216
42,04-2006,192
42,05-2006,308
42,06-2006,77
42,07-2006,37
42,08-2006,260
42,09-2006,207
42,10-2006,247
42,11-2006,325
42,12-2006,217
42,01-2007,269
42,02-2007,51
42,03-2007,170
42,04-2007,215
42,05-2007,217
42,06-2007,91
42,07-2007,28
42,08-2007,119
42,09-2007,63
42,10-2007,206
42,11-2007,214
42,12-2007,40
42,01-2008,294
42,02-2008,147
42,03-2008,80
42,04-2008,224
42,05-2008,24
42,06-2008,328
42,07-2008,53
42,08-2008,74
42,09-2008,220
42,10-2008,24
42,11-2008,324
42,12-2008,199
42,01-2009,269
42,02-2009,291
42,03-2009,140
42,04-2009,328
42,05-2009,231
42,06-2009,275
42,07-2009,281
42,08-2009,132
42,09-2009,139
42,10-2009,103
42,11-2009,76
42,12-2009,186
42,01-2010,331
42,02-2010,359
42,03-2010,213
42,04-2010,36
42,05-2010,259
42,06-2010,324
42,07-2010,300
42,08-2010,306
42,09-2010,103
42,10-2010,183
42,11-2010,275
42,12-2010,331
42,01-2011,61
42,02-2011,357
42,03-2011,163
42,04-2011,182
42,05-2011,221
42,06-2011,280
42,07-2011,227
42,08-2011,18
42,09-2011,177
42,10-2011,31
42,11-2011,297
42,12-2011,166
42,01-2012,302
42,02-2012,232
42,03-2012,281
42,04-2012,347
42,05-2012,199
42,06-2012,293
42,07-2012,328
42,08-2012,43
42,09-2012,70
42,10-2012,344
42,11-2012,93
42,12-2012,317
43,01-2005,56
43,02-2005,245
43,03-2005,355
43,04-2005,297
43,05-2005,15
43,06-2005,63
43,07-2005,33
43,08-2005,323
43,09-2005,88
43,10-2005,200
43,11-2005,53
43,12-2005,265
43,01-2006,156
43,02-2006,155
43,03-2006,94
43,04-2006,194
43,05-2006,103
43,06-2006,223
43,07-2006,141
43,08-2006,278
43,09-2006,210
43,10-2006,251
43,11-2006,72
43,12-2006,51
43,01-2007,141
43,02-2007,355
43,03-2007,163
43,04-2007,145
43,05-2007,121
43,06-2007,290
43,07-2007,205
43,08-2007,344
43,09-2007,283
43,10-2007,329
43,11-2007,52
43,12-2007,191
43,01-2008,214
43,02-2008,284
43,03-2008,329
43,04-2008,146
43,05-2008,210
43,06-2008,170
43,07-2008,279
43,08-2008,353
43,09-2008,256
43,10-2008,15
43,11-2008,99
43,12-2008,236
43,01-2009,277
43,02-2009,70
43,03-2009,277
43,04-2009,178
43,05-2009,110
43,06-2009,309
43,07-2009,144
43,08-2009,193
43,09-2009,86
43,10-2009,358
43,11-2009,267
43,12-2009,338
43,01-2010,224
43,02-2010,243
43,03-2010,94
43,04-2010,69
43,05-2010,85
43,06-2010,177
43,07-2010,132
43,08-2010,92
43,09-2010,83
43,10-2010,115
43,11-2010,107
43,12-2010,245
43,01-2011,119
43,02-2011,266
43,03-2011,193
43,04-2011,327
43,05-2011,303
43,06-2011,323
43,07-2011,298
43,08-2011,356
43,09-2011,191
43,10-2011,173
43,11-2011,130
43,12-2011,142
43,01-2012,39
43,02-2012,269
43,03-2012,33
43,04-2012,316
43,05-2012,219
43,06-2012,87
43,07-2012,283
43,08-2012,346
43,09-2012,307
43,10-2012,269
43,11-2012,209
43,12-2012,212
44,01-2005,280
44,02-2005,152
44,03-2005,186
44,04-2005,109
44,05-2005,230
44,06-2005,325
44,07-2005,142
44,08-2005,27
44,09-2005,122
44,10-2005,100
44,11-2005,149
44,12-2005,231
44,01-2006,186
44,02-2006,166
44,03-2006,54
44,04-2006,247
44,05-2006,360
44,06-2006,53
44,07-2006,300
44,08-2006,229
44,09-2006,208
44,10-2006,146
44,11-2006,146
44,12-2006,55
44,01-2007,160
44,02-2007,76
44,03-2007,275
44,04-2007,223
44,05-2007,206
44,06-2007,167
44,07-2007,347
44,08-2007,66
44,09-2007,30
44,10-2007,42
44,11-2007,127
44,12-2007,346
44,01-2008,112
44,02-2008,176
44,03-2008,56
44,04-2008,303
44,05-2008,273
44,06-2008,301
44,07-2008,16
44,08-2008,246
44,09-2008,98
44,10-2008,47
44,11-2008,28
44,12-2008,155
44,01-2009,86
44,02-2009,208
44,03-2009,106
44,04-2009,254
44,05-2009,24
44,06-2009,35
44,07-2009,73
44,08-2009,355
44,09-2009,212
44,10-2009,333
44,11-2009,269
44,12-2009,192
44,01-2010,326
44,02-2010,84
44,03-2010,50
44,04-2010,258
44,05-2010,250
44,06-2010,265
44,07-2010,159
44,08-2010,316
44,09-2010,181
44,10-2010,229
44,11-2010,328
44,12-2010,152
44,01-2011,217
44,02-2011,16
44,03-2011,141
44,04-2011,314
44,05-2011,112
44,06-2011,292
44,07-2011,310
44,08-2011,240
44,09-2011,248
44,10-2011,180
44,11-2011,87
44,12-2011,242
44,01-2012,24
44,02-2012,258
44,03-2012,158
44,04-2012,72
44,05-2012,225
44,06-2012,93
44,07-2012,216
44,08-2012,114
44,09-2012,164
44,10-2012,255
44,11-2012,300
44,12-2012,168
45,01-2005,82
45,02-2005,32
45,03-2005,180
45,04-2005,228
45,05-2005,203
45,06-2005,48
45,07-2005,355
45,08-2005,266
45,09-2005,87
45,10-2005,263
45,11-2005,20
45,12-2005,183
45,01-2006,18
45,02-2006,201
45,03-2006,319
45,04-2006,53
45,05-2006,276
45,06-2006,59
45,07-2006,187
45,08-2006,293
45,09-2006,295
45,10-2006,151
45,11-2006,81
45,12-2006,88
45,01-2007,109
45,02-2007,133
45,03-2007,67
45,04-2007,280
45,05-2007,132
45,06-2007,143
45,07-2007,309
45,08-2007,165
45,09-2007,260
45,10-2007,160
45,11-2007,192
45,12-2007,284
45,01-2008,42
45,02-2008,274
45,03-2008,261
45,04-2008,222
45,05-2008,307
45,06-2008,181
45,07-2008,62
45,08-2008,215
45,09-2008,35
45,10-2008,36
45,11-2008,235
45,12-2008,230
45,01-2009,326
45,02-2009,85
45,03-2009,239
45,04-2009,310
45,05-2009,131
45,06-2009,185
45,07-2009,179
45,08-2009,180
45,09-2009,300
45,10-2009,240
45,11-2009,223
45,12-2009,49
45,01-2010,28
45,02-2010,255
45,03-2010,330
45,04-2010,108
45,05-2010,326
45,06-2010,230
45,07-2010,99
45,08-2010,242
45,09-2010,154
45,10-2010,284
45,11-2010,181
45,12-2010,37
45,01-2011,334
45,02-2011,35
45,03-2011,166
45,04-2011,358
45,05-2011,15
45,06-2011,338
45,07-2011,16
45,08-2011,112
45,09-2011,24
45,10-2011,150
45,11-2011,35
45,12-2011,148
45,01-2012,285
45,02-2012,310
45,03-2012,304
45,04-2012,123
45,05-2012,205
45,06-2012,211
45,07-2012,106
45,08-2012,122
45,09-2012,116
45,10-2012,135
45,11-2012,41
45,12-2012,330
46,01-2005,324
46,02-2005,203
46,03-2005,30
46,04-2005,85
46,05-2005,295
46,06-2005,329
46,07-2005,352
46,08-2005,142
46,09-2005,163
46,10-2005,145
46,11-2005,155
46,12-2005,334
46,01-2006,239
46,02-2006,273
46,03-2006,341
46,04-2006,356
46,05-2006,274
46,06-2006,252
46,07-2006,67
46,08-2006,268
46,09-2006,59
46,10-2006,190
46,11-2006,18
46,12-2006,186
46,01-2007,42
46,02-2007,72
46,03-2007,282
46,04-2007,209
46,05-2007,124
46,06-2007,262
46,07-2007,197
46,08-2007,246
46,09-2007,301
46,10-2007,76
46,11-2007,54
46,12-2007,162
46,01-2008,294
46,02-2008,207
46,03-2008,263
46,04-2008,349
46,05-2008,49
46,06-2008,246
46,07-2008,243
46,08-2008,187
46,09-2008,44
46,10-2008,54
46,11-2008,248
46,12-2008,270
46,01-2009,66
46,02-2009,79
46,03-2009,111
46,04-2009,329
46,05-2009,245
46,06-2009,32
46,07-2009,36
46,08-2009,46
46,09-2009,154
46,10-2009,85
46,11-2009,134
46,12-2009,74
46,01-2010,92
46,02-2010,257
46,03-2010,72
46,04-2010,303
46,05-2010,129
46,06-2010,139
46,07-2010,183
46,08-2010,351
46,09-2010,57
46,10-2010,86
46,11-2010,210
46,12-2010,35
46,01-2011,269
46,02-2011,62
46,03-2011,72
46,04-2011,145
46,05-2011,339
46,06-2011,16
46,07-2011,234
46,08-2011,85
46,09-2011,242
46,10-2011,210
46,11-2011,275
46,12-2011,237
46,01-2012,266
46,02-2012,272
46,03-2012,57
46,04-2012,292
46,05-2012,221
46,06-2012,183
46,07-2012,253
46,08-2012,188
46,09-2012,94
46,10-2012,340
46,11-2012,199
46,12-2012,340
47,01-2005,267
47,02-2005,263
47,03-2005,246
47,04-2005,203
47,05-2005,166
47,06-2005,272
47,07-2005,229
47,08-2005,238
47,09-2005,357
47,10-2005,167
47,11-2005,114
47,12-2005,321
47,01-2006,136
47,02-2006,299
47,03-2006,176
47,04-2006,226
47,05-2006,69
47,06-2006,76
47,07-2006,142
47,08-2006,29
47,09-2006,24
47,10-2006,323
47,11-2006,259
47,12-2006,192
47,01-2007,59
47,02-2007,108
47,03-2007,360
47,04-2007,320
47,05-2007,215
47,06-2007,303
47,07-2007,41
47,08-2007,275
47,09-2007,65
47,10-2007,78
47,11-2007,294
47,12-2007,68
47,01-2008,189
47,02-2008,118
47,03-2008,357
47,04-2008,337
47,05-2008,298
47,06-2008,327
47,07-2008,73
47,08-2008,125
47,09-2008,180
47,10-2008,113
47,11-2008,287
47,12-2008,200
47,01-2009,337
47,02-2009,153
47,03-2009,144
47,04-2009,141
47,05-2009,267
47,06-2009,30
47,07-2009,328
47,08-2009,309
47,09-2009,356
47,10-2009,294
47,11-2009,215
47,12-2009,316
47,01-2010,201
47,02-2010,140
47,03-2010,85
47,04-2010,77
47,05-2010,228
47,06-2010,47
47,07-2010,46
47,08-2010,128
47,09-2010,190
47,10-2010,109
47,11-2010,355
47,12-2010,347
47,01-2011,274
47,02-2011,19
47,03-2011,169
47,04-2011,243
47,05-2011,75
47,06-2011,337
47,07-2011,184
47,08-2011,58
47,09-2011,175
47,10-2011,57
47,11-2011,302
47,12-2011,308
47,01-2012,310
47,02-2012,110
47,03-2012,71
47,04-2012,195
47,05-2012,125
47,06-2012,223
47,07-2012,29
47,08-2012,267
47,09-2012,176
47,10-2012,166
47,11-2012,138
47,12-2012,277
48,01-2005,351
48,02-2005,258
48,03-2005,85
48,04-2005,40
48,05-2005,155
48,06-2005,337
48,07-2005,266
48,08-2005,228
48,09-2005,320
48,10-2005,81
48,11-2005,247
48,12-2005,295
48,01-2006,57
48,02-2006,105
48,03-2006,253
48,04-2006,68
48,05-2006,246
48,06-2006,334
48,07-2006,278
48,08-2006,292
48,09-2006,125
48,10-2006,169
48,11-2006,258
48,12-2006,291
48,01-2007,255
48,02-2007,317
48,03-2007,109
48,04-2007,260
48,05-2007,188
48,06-2007,148
48,07-2007,28
48,08-2007,198
48,09-2007,19
48,10-2007,61
48,11-2007,155
48,12-2007,106
48,01-2008,254
48,02-2008,263
48,03-2008,106
48,04-2008,290
48,05-2008,294
48,06-2008,235
48,07-2008,197
48,08-2008,183
48,09-2008,122
48,10-2008,135
48,11-2008,199
48,12-2008,228
48,01-2009,48
48,02-2009,224
48,03-2009,49
48,04-2009,203
48,05-2009,302
48,06-2009,169
48,07-2009,300
48,08-2009,160
48,09-2009,289
48,10-2009,201
48,11-2009,205
48,12-2009,85
48,01-2010,215
48,02-2010,342
48,03-2010,159
48,04-2010,74
48,05-2010,19
48,06-2010,65
48,07-2010,303
48,08-2010,248
48,09-2010,130
48,10-2010,74
48,11-2010,67
48,12-2010,97
48,01-2011,124
48,02-2011,91
48,03-2011,93
48,04-2011,312
48,05-2011,359
48,06-2011,261
48,07-2011,152
48,08-2011,195
48,09-2011,335
48,10-2011,225
48,11-2011,281
48,12-2011,332
48,01-2012,245
48,02-2012,122
48,03-2012,313
48,04-2012,279
48,05-2012,298
48,06-2012,296
48,07-2012,306
48,08-2012,59
48,09-2012,148
48,10-2012,245
48,11-2012,320
48,12-2012,120
49,01-2005,160
49,02-2005,348
49,03-2005,58
49,04-2005,333
49,05-2005,133
49,06-2005,56
49,07-2005,92
49,08-2005,194
49,09-2005,59
49,10-2005,112
49,11-2005,288
49,12-2005,243
49,01-2006,145
49,02-2006,55
49,03-2006,248
49,04-2006,87
49,05-2006,215
49,06-2006,64
49,07-2006,270
49,08-2006,136
49,09-2006,202
49,10-2006,85
49,11-2006,266
49,12-2006,224
49,01-2007,320
49,02-2007,356
49,03-2007,244
49,04-2007,338
49,05-2007,291
49,06-2007,173
49,07-2007,212
49,08-2007,314
49,09-2007,266
49,10-2007,321
49,11-2007,64
49,12-2007,64
49,01-2008,172
49,02-2008,130
49,03-2008,209
49,04-2008,263
49,05-2008,182
49,06-2008,139
49,07-2008,169
49,08-2008,47
49,09-2008,27
49,10-2008,246
49,11-2008,143
49,12-2008,140
49,01-2009,35
49,02-2009,218
49,03-2009,231
49,04-2009,326
49,05-2009,247
49,06-2009,185
49,07-2009,69
49,08-2009,277
49,09-2009,152
49,10-2009,168
49,11-2009,32
49,12-2009,157
49,01-2010,353
49,02-2010,210
49,03-2010,72
49,04-2010,113
49,05-2010,90
49,06-2010,82
49,07-2010,56
49,08-2010,227
49,09-2010,355
49,10-2010,108
49,11-2010,344
49,12-2010,316
49,01-2011,218
49,02-2011,248
49,03-2011,212
49,04-2011,74
49,05-2011,66
49,06-2011,351
49,07-2011,157
49,08-2011,54
49,09-2011,93
49,10-2011,34
49,11-2011,157
49,12-2011,253
49,01-2012,276
49,02-2012,289
49,03-2012,194
49,04-2012,178
49,05-2012,314
49,06-2012,184
49,07-2012,271
49,08-2012,128
49,09-2012,359
49,10-2012,238
49,11-2012,244
49,12-2012,232
50,01-2005,256
50,02-2005,253
50,03-2005,229
50,04-2005,95
50,05-2005,286
50,06-2005,286
50,07-2005,100
50,08-2005,212
50,09-2005,204
50,10-2005,286
50,11-2005,171
50,12-2005,140
50,01-2006,68
50,02-2006,227
50,03-2006,238
50,04-2006,269
50,05-2006,34
50,06-2006,310
50,07-2006,127
50,08-2006,359
50,09-2006,81
50,10-2006,109
50,11-2006,295
50,12-2006,212
50,01-2007,258
50,02-2007,108
50,03-2007,120
50,04-2007,150
50,05-2007,292
50,06-2007,219
50,07-2007,268
50,08-2007,353
50,09-2007,162
50,10-2007,76
50,11-2007,325
50,12-2007,206
50,01-2008,200
50,02-2008,353
50,03-2008,269
50,04-2008,200
50,05-2008,104
50,06-2008,156
50,07-2008,256
50,08-2008,296
50,09-2008,52
50,10-2008,286
50,11-2008,41
50,12-2008,190
50,01-2009,99
50,02-2009,196
50,03-2009,168
50,04-2009,335
50,05-2009,248
50,06-2009,125
50,07-2009,281
50,08-2009,165
50,09-2009,312
50,10-2009,232
50,11-2009,57
50,12-2009,243
50,01-2010,315
50,02-2010,77
50,03-2010,55
50,04-2010,162
50,05-2010,106
50,06-2010,335
50,07-2010,101
50,08-2010,129
50,09-2010,251
50,10-2010,252
50,11-2010,20
50,12-2010,240
50,01-2011,45
50,02-2011,310
50,03-2011,343
50,04-2011,161
50,05-2011,100
50,06-2011,198
50,07-2011,79
50,08-2011,300
50,09-2011,63
50,10-2011,199
50,11-2011,311
50,12-2011,254
50,01-2012,175
50,02-2012,229
50,03-2012,279
50,04-2012,211
50,05-2012,172
50,06-2012,52
50,07-2012,348
50,08-2012,319
50,09-2012,183
50,10-2012,150
50,11-2012,188
50,12-2012,116
51,01-2005,93
51,02-2005,66
51,03-2005,332
51,04-2005,345
51,05-2005,219
51,06-2005,80
51,07-2005,66
51,08-2005,292
51,09-2005,163
51,10-2005,231
51,11-2005,244
51,12-2005,174
51,01-2006,34
51,02-2006,79
51,03-2006,313
51,04-2006,102
51,05-2006,245
51,06-2006,285
51,07-2006,223
51,08-2006,31
51,09-2006,59
51,10-2006,354
51,11-2006,33
51,12-2006,182
51,01-2007,272
51,02-2007,338
51,03-2007,167
51,04-2007,35
51,05-2007,257
51,06-2007,142
51,07-2007,74
51,08-2007,337
51,09-2007,264
51,10-2007,219
51,11-2007,275
51,12-2007,214
51,01-2008,48
51,02-2008,37
51,03-2008,110
51,04-2008,312
51,05-2008,193
51,06-2008,81
51,07-2008,104
51,08-2008,274
51,09-2008,285
51,10-2008,18
51,11-2008,99
51,12-2008,224
51,01-2009,90
51,02-2009,269
51,03-2009,216
51,04-2009,117
51,05-2009,59
51,06-2009,80
51,07-2009,76
51,08-2009,54
51,09-2009,174
51,10-2009,86
51,11-2009,259
51,12-2009,358
51,01-2010,22
51,02-2010,209
51,03-2010,203
51,04-2010,248
51,05-2010,106
51,06-2010,22
51,07-2010,239
51,08-2010,285
51,09-2010,104
51,10-2010,44
51,11-2010,207
51,12-2010,315
51,01-2011,127
51,02-2011,187
51,03-2011,233
51,04-2011,193
51,05-2011,278
51,06-2011,114
51,07-2011,257
51,08-2011,104
51,09-2011,311
51,10-2011,105
51,11-2011,316
51,12-2011,245
51,01-2012,352
51,02-2012,36
51,03-2012,306
51,04-2012,73
51,05-2012,176
51,06-2012,105
51,07-2012,324
51,08-2012,182
51,09-2012,17
51,10-2012,182
51,11-2012,171
51,12-2012,254
52,01-2005,314
52,02-2005,198
52,03-2005,179
52,04-2005,173
52,05-2005,39
52,06-2005,237
52,07-2005,161
52,08-2005,133
52,09-2005,214
52,10-2005,15
52,11-2005,300
52,12-2005,185
52,01-2006,226
52,02-2006,45
52,03-2006,267
52,04-2006,105
52,05-2006,80
52,06-2006,26
52,07-2006,195
52,08-2006,185
52,09-2006,317
52,10-2006,81
52,11-2006,215
52,12-2006,193
52,01-2007,217
52,02-2007,108
52,03-2007,284
52,04-2007,53
52,05-2007,210
52,06-2007,282
52,07-2007,169
52,08-2007,254
52,09-2007,25
52,10-2007,344
52,11-2007,177
52,12-2007,284
52,01-2008,136
52,02-2008,163
52,03-2008,98
52,04-2008,265
52,05-2008,176
52,06-2008,162
52,07-2008,220
52,08-2008,244
52,09-2008,350
52,10-2008,153
52,11-2008,195
52,12-2008,31
52,01-2009,298
52,02-2009,204
52,03-2009,242
52,04-2009,65
52,05-2009,276
52,06-2009,158
52,07-2009,352
52,08-2009,328
52,09-2009,219
52,10-2009,76
52,11-2009,213
52,12-2009,254
52,01-2010,248
52,02-2010,227
52,03-2010,312
52,04-2010,192
52,05-2010,117
52,06-2010,254
52,07-2010,106
52,08-2010,202
52,09-2010,313
52,10-2010,93
52,11-2010,23
52,12-2010,163
52,01-2011,40
52,02-2011,157
52,03-2011,125
52,04-2011,232
52,05-2011,81
52,06-2011,293
52,07-2011,230
52,08-2011,100
52,09-2011,16
52,10-2011,358
52,11-2011,153
52,12-2011,319
52,01-2012,85
52,02-2012,333
52,03-2012,230
52,04-2012,263
52,05-2012,283
52,06-2012,62
52,07-2012,64
52,08-2012,79
52,09-2012,85
52,10-2012,250
52,11-2012,236
52,12-2012,271
53,01-2005,153
53,02-2005,215
53,03-2005,253
53,04-2005,160
53,05-2005,347
53,06-2005,320
53,07-2005,128
53,08-2005,28
53,09-2005,246
53,10-2005,158
53,11-2005,75
53,12-2005,44
53,01-2006,350
53,02-2006,353
53,03-2006,107
53,04-2006,57
53,05-2006,337
53,06-2006,253
53,07-2006,69
53,08-2006,280
53,09-2006,106
53,10-2006,247
53,11-2006,117
53,12-2006,350
53,01-2007,243
53,02-2007,77
53,03-2007,276
53,04-2007,248
53,05-2007,174
53,06-2007,181
53,07-2007,243
53,08-2007,298
53,09-2007,336
53,10-2007,210
53,11-2007,135
53,12-2007,194
53,01-2008,122
53,02-2008,187
53,03-2008,102
53,04-2008,260
53,05-2008,287
53,06-2008,26
53,07-2008,199
53,08-2008,95
53,09-2008,266
53,10-2008,263
53,11-2008,95
53,12-2008,351
53,01-2009,74
53,02-2009,165
53,03-2009,286
53,04-2009,265
53,05-2009,313
53,06-2009,50
53,07-2009,121
53,08-2009,135
53,09-2009,177
53,10-2009,65
53,11-2009,286
53,12-2009,225
53,01-2010,45
53,02-2010,108
53,03-2010,91
53,04-2010,117
53,05-2010,244
53,06-2010,210
53,07-2010,258
53,08-2010,304
53,09-2010,36
53,10-2010,58
53,11-2010,250
53,12-2010,74
53,01-2011,205
53,02-2011,178
53,03-2011,323
53,04-2011,304
53,05-2011,210
53,06-2011,269
53,07-2011,342
53,08-2011,54
53,09-2011,252
53,10-2011,349
53,11-2011,191
53,12-2011,250
53,01-2012,161
53,02-2012,328
53,03-2012,348
53,04-2012,22
53,05-2012,93
53,06-2012,216
53,07-2012,330
53,08-2012,247
53,09-2012,222
53,10-2012,197
53,11-2012,54
53,12-2012,351
54,01-2005,311
54,02-2005,144
54,03-2005,153
54,04-2005,37
54,05-2005,359
54,06-2005,211
54,07-2005,216
54,08-2005,60
54,09-2005,207
54,10-2005,135
54,11-2005,289
54,12-2005,113
54,01-2006,106
54,02-2006,29
54,03-2006,210
54,04-2006,200
54,05-2006,160
54,06-2006,95
54,07-2006,100
54,08-2006,245
54,09-2006,244
54,10-2006,47
54,11-2006,331
54,12-2006,328
54,01-2007,311
54,02-2007,253
54,03-2007,172
54,04-2007,196
54,05-2007,108
54,06-2007,184
54,07-2007,169
54,08-2007,319
54,09-2007,351
54,10-2007,181
54,11-2007,285
54,12-2007,241
54,01-2008,166
54,02-2008,207
54,03-2008,312
54,04-2008,115
54,05-2008,47
54,06-2008,133
54,07-2008,132
54,08-2008,242
54,09-2008,303
54,10-2008,207
54,11-2008,226
54,12-2008,282
54,01-2009,36
54,02-2009,168
54,03-2009,162
54,04-2009,232
54,05-2009,59
54,06-2009,137
54,07-2009,112
54,08-2009,298
54,09-2009,48
54,10-2009,258
54,11-2009,71
54,12-2009,328
54,01-2010,125
54,02-2010,217
54,03-2010,232
54,04-2010,212
54,05-2010,144
54,06-2010,101
54,07-2010,116
54,08-2010,265
54,09-2010,83
54,10-2010,226
54,11-2010,323
54,12-2010,93
54,01-2011,190
54,02-2011,228
54,03-2011,139
54,04-2011,265
54,05-2011,100
54,06-2011,306
54,07-2011,345
54,08-2011,210
54,09-2011,122
54,10-2011,147
54,11-2011,239
54,12-2011,213
54,01-2012,349
54,02-2012,264
54,03-2012,222
54,04-2012,72
54,05-2012,87
54,06-2012,312
54,07-2012,323
54,08-2012,132
54,09-2012,240
54,10-2012,279
54,11-2012,139
54,12-2012,219
55,01-2005,324
55,02-2005,195
55,03-2005,155
55,04-2005,299
55,05-2005,228
55,06-2005,135
55,07-2005,128
55,08-2005,320
55,09-2005,225
55,10-2005,291
55,11-2005,259
55,12-2005,354
55,01-2006,228
55,02-2006,240
55,03-2006,66
55,04-2006,126
55,05-2006,347
55,06-2006,212
55,07-2006,65
55,08-2006,158
55,09-2006,256
55,10-2006,310
55,11-2006,17
55,12-2006,257
55,01-2007,337
55,02-2007,235
55,03-2007,348
55,04-2007,144
55,05-2007,329
55,06-2007,324
55,07-2007,251
55,08-2007,97
55,09-2007,149
55,10-2007,311
55,11-2007,43
55,12-2007,282
55,01-2008,39
55,02-2008,64
55,03-2008,108
55,04-2008,356
55,05-2008,156
55,06-2008,164
55,07-2008,282
55,08-2008,263
55,09-2008,54
55,10-2008,351
55,11-2008,186
55,12-2008,344
55,01-2009,237
55,02-2009,270
55,03-2009,270
55,04-2009,266
55,05-2009,104
55,06-2009,306
55,07-2009,167
55,08-2009,47
55,09-2009,284
55,10-2009,34
55,11-2009,63
55,12-2009,21
55,01-2010,167
55,02-2010,354
55,03-2010,44
55,04-2010,154
55,05-2010,158
55,06-2010,94
55,07-2010,78
55,08-2010,123
55,09-2010,329
55,10-2010,333
55,11-2010,89
55,12-2010,144
55,01-2011,22
55,02-2011,180
55,03-2011,252
55,04-2011,329
55,05-2011,272
55,06-2011,320
55,07-2011,243
55,08-2011,324
55,09-2011,206
55,10-2011,236
55,11-2011,276
55,12-2011,304
55,01-2012,68
55,02-2012,230
55,03-2012,101
55,04-2012,25
55,05-2012,317
55,06-2012,77
55,07-2012,319
55,08-2012,88
55,09-2012,99
55,10-2012,155
55,11-2012,69
55,12-2012,296
56,01-2005,266
56,02-2005,20
56,03-2005,86
56,04-2005,272
56,05-2005,113
56,06-2005,216
56,07-2005,126
56,08-2005,302
56,09-2005,83
56,10-2005,339
56,11-2005,307
56,12-2005,226
56,01-2006,128
56,02-2006,58
56,03-2006,182
56,04-2006,152
56,05-2006,360
56,06-2006,19
56,07-2006,110
56,08-2006,125
56,09-2006,15
56,10-2006,233
56,11-2006,47
56,12-2006,22
56,01-2007,140
56,02-2007,160
56,03-2007,103
56,04-2007,134
56,05-2007,177
56,06-2007,266
56,07-2007,350
56,08-2007,167
56,09-2007,53
56,10-2007,194
56,11-2007,45
56,12-2007,249
56,01-2008,219
56,02-2008,66
56,03-2008,215
56,04-2008,184
56,05-2008,166
56,06-2008,61
56,07-2008,130
56,08-2008,298
56,09-2008,293
56,10-2008,203
56,11-2008,45
56,12-2008,38
56,01-2009,343
56,02-2009,275
56,03-2009,232
56,04-2009,291
56,05-2009,327
56,06-2009,131
56,07-2009,25
56,08-2009,135
56,09-2009,328
56,10-2009,97
56,11-2009,245
56,12-2009,256
56,01-2010,244
56,02-2010,24
56,03-2010,248
56,04-2010,320
56,05-2010,189
56,06-2010,207
56,07-2010,204
56,08-2010,188
56,09-2010,39
56,10-2010,156
56,11-2010,289
56,12-2010,301
56,01-2011,107
56,02-2011,125
56,03-2011,226
56,04-2011,174
56,05-2011,224
56,06-2011,304
56,07-2011,197
56,08-2011,52
56,09-2011,228
56,10-2011,58
56,11-2011,60
56,12-2011,15
56,01-2012,310
56,02-2012,141
56,03-2012,125
56,04-2012,179
56,05-2012,355
56,06-2012,290
56,07-2012,72
56,08-2012,98
56,09-2012,336
56,10-2012,32
56,11-2012,34
56,12-2012,115
57,01-2005,319
57,02-2005,177
57,03-2005,24
57,04-2005,55
57,05-2005,41
57,06-2005,173
57,07-2005,197
57,08-2005,37
57,09-2005,270
57,10-2005,222
57,11-2005,289
57,12-2005,120
57,01-2006,294
57,02-2006,166
57,03-2006,110
57,04-2006,33
57,05-2006,141
57,06-2006,179
57,07-2006,224
57,08-2006,31
57,09-2006,148
57,10-2006,337
57,11-2006,146
57,12-2006,237
57,01-2007,140
57,02-2007,92
57,03-2007,63
57,04-2007,198
57,05-2007,224
57,06-2007,156
57,07-2007,285
57,08-2007,176
57,09-2007,21
57,10-2007,347
57,11-2007,224
57,12-2007,168
57,01-2008,256
57,02-2008,107
57,03-2008,307
57,04-2008,210
57,05-2008,219
57,06-2008,176
57,07-2008,139
57,08-2008,22
57,09-2008,309
57,10-2008,229
57,11-2008,318
57,12-2008,341
57,01-2009,281
57,02-2009,94
57,03-2009,286
57,04-2009,354
57,05-2009,143
57,06-2009,39
57,07-2009,228
57,08-2009,201
57,09-2009,338
57,10-2009,101
57,11-2009,177
57,12-2009,222
57,01-2010,318
57,02-2010,18
57,03-2010,200
57,04-2010,326
57,05-2010,131
57,06-2010,56
57,07-2010,192
57,08-2010,154
57,09-2010,250
57,10-2010,273
57,11-2010,213
57,12-2010,154
57,01-2011,185
57,02-2011,202
57,03-2011,238
57,04-2011,343
57,05-2011,296
57,06-2011,131
57,07-2011,126
57,08-2011,317
57,09-2011,351
57,10-2011,195
57,11-2011,262
57,12-2011,125
57,01-2012,302
57,02-2012,62
57,03-2012,343
57,04-2012,345
57,05-2012,264
57,06-2012,261
57,07-2012,237
57,08-2012,247
57,09-2012,121
57,10-2012,271
57,11-2012,263
57,12-2012,301
58,01-2005,320
58,02-2005,167
58,03-2005,207
58,04-2005,356
58,05-2005,169
58,06-2005,261
58,07-2005,203
58,08-2005,323
58,09-2005,179
58,10-2005,338
58,11-2005,128
58,12-2005,163
58,01-2006,249
58,02-2006,279
58,03-2006,261
58,04-2006,31
58,05-2006,259
58,06-2006,90
58,07-2006,95
58,08-2006,139
58,09-2006,314
58,10-2006,316
58,11-2006,248
58,12-2006,206
58,01-2007,187
58,02-2007,73
58,03-2007,37
58,04-2007,207
58,05-2007,233
58,06-2007,185
58,07-2007,165
58,08-2007,93
58,09-2007,237
58,10-2007,270
58,11-2007,46
58,12-2007,266
58,01-2008,139
58,02-2008,260
58,03-2008,81
58,04-2008,282
58,05-2008,84
58,06-2008,145
58,07-2008,240
58,08-2008,301
58,09-2008,294
58,10-2008,178
58,11-2008,71
58,12-2008,228
58,01-2009,266
58,02-2009,29
58,03-2009,202
58,04-2009,57
58,05-2009,295
58,06-2009,283
58,07-2009,336
58,08-2009,184
58,09-2009,299
58,10-2009,130
58,11-2009,299
58,12-2009,345
58,01-2010,113
58,02-2010,308
58,03-2010,265
58,04-2010,326
58,05-2010,48
58,06-2010,248
58,07-2010,186
58,08-2010,138
58,09-2010,321
58,10-2010,21
58,11-2010,159
58,12-2010,166
58,01-2011,145
58,02-2011,94
58,03-2011,271
58,04-2011,323
58,05-2011,360
58,06-2011,157
58,07-2011,254
58,08-2011,70
58,09-2011,91
58,10-2011,180
58,11-2011,275
58,12-2011,345
58,01-2012,167
58,02-2012,166
58,03-2012,230
58,04-2012,56
58,05-2012,160
58,06-2012,49
58,07-2012,310
58,08-2012,236
58,09-2012,128
58,10-2012,288
58,11-2012,234
58,12-2012,48
59,01-2005,217
59,02-2005,320
59,03-2005,294
59,04-2005,70
59,05-2005,258
59,06-2005,254
59,07-2005,208
59,08-2005,328
59,09-2005,147
59,10-2005,130
59,11-2005,63
59,12-2005,84
59,01-2006,307
59,02-2006,220
59,03-2006,105
59,04-2006,200
59,05-2006,356
59,06-2006,223
59,07-2006,259
59,08-2006,65
59,09-2006,226
59,10-2006,27
59,11-2006,127
59,12-2006,204
59,01-2007,229
59,02-2007,38
59,03-2007,160
59,04-2007,169
59,05-2007,289
59,06-2007,288
59,07-2007,261
59,08-2007,79
59,09-2007,340
59,10-2007,209
59,11-2007,168
59,12-2007,133
59,01-2008,287
59,02-2008,27
59,03-2008,83
59,04-2008,341
59,05-2008,140
59,06-2008,335
59,07-2008,256
59,08-2008,145
59,09-2008,174
59,10-2008,202
59,11-2008,93
59,12-2008,46
59,01-2009,37
59,02-2009,192
59,03-2009,143
59,04-2009,64
59,05-2009,354
59,06-2009,42
59,07-2009,216
59,08-2009,219
59,09-2009,122
59,10-2009,180
59,11-2009,88
59,12-2009,359
59,01-2010,339
59,02-2010,135
59,03-2010,184
59,04-2010,122
59,05-2010,202
59,06-2010,38
59,07-2010,350
59,08-2010,153
59,09-2010,19
59,10-2010,182
59,11-2010,71
59,12-2010,90
59,01-2011,242
59,02-2011,283
59,03-2011,119
59,04-2011,36
59,05-2011,123
59,06-2011,156
59,07-2011,161
59,08-2011,342
59,09-2011,313
59,10-2011,314
59,11-2011,187
59,12-2011,303
59,01-2012,305
59,02-2012,96
59,03-2012,115
59,04-2012,263
59,05-2012,341
59,06-2012,218
59,07-2012,353
59,08-2012,187
59,09-2012,103
59,10-2012,117
59,11-2012,202
59,12-2012,333
60,01-2005,228
60,02-2005,141
60,03-2005,158
60,04-2005,279
60,05-2005,254
60,06-2005,16
60,07-2005,291
60,08-2005,41
60,09-2005,86
60,10-2005,174
60,11-2005,82
60,12-2005,146
60,01-2006,27
60,02-2006,200
60,03-2006,339
60,04-2006,227
60,05-2006,124
60,06-2006,280
60,07-2006,104
60,08-2006,259
60,09-2006,23
60,10-2006,226
60,11-2006,279
60,12-2006,194
60,01-2007,110
60,02-2007,309
60,03-2007,182
60,04-2007,208
60,05-2007,54
60,06-2007,87
60,07-2007,22
60,08-2007,26
60,09-2007,296
60,10-2007,247
60,11-2007,161
60,12-2007,241
60,01-2008,97
60,02-2008,161
60,03-2008,72
60,04-2008,79
60,05-2008,72
60,06-2008,73
60,07-2008,69
60,08-2008,20
60,09-2008,290
60,10-2008,219
60,11-2008,270
60,12-2008,44
60,01-2009,163
60,02-2009,126
60,03-2009,52
60,04-2009,42
60,05-2009,50
60,06-2009,190
60,07-2009,237
60,08-2009,156
60,09-2009,39
60,10-2009,44
60,11-2009,284
60,12-2009,106
60,01-2010,133
60,02-2010,120
60,03-2010,164
60,04-2010,211
60,05-2010,324
60,06-2010,77
60,07-2010,243
60,08-2010,72
60,09-2010,124
60,10-2010,160
60,11-2010,43
60,12-2010,90
60,01-2011,341
60,02-2011,140
60,03-2011,122
60,04-2011,274
60,05-2011,338
60,06-2011,343
60,07-2011,57
60,08-2011,266
60,09-2011,158
60,10-2011,156
60,11-2011,138
60,12-2011,245
60,01-2012,338
60,02-2012,75
60,03-2012,329
60,04-2012,161
60,05-2012,334
60,06-2012,134
60,07-2012,130
60,08-2012,89
60,09-2012,230
60,10-2012,177
60,11-2012,339
60,12-2012,90
61,01-2005,100
61,02-2005,141
61,03-2005,167
61,04-2005,344
61,05-2005,231
61,06-2005,152
61,07-2005,23
61,08-2005,228
61,09-2005,62
61,10-2005,41
61,11-2005,81
61,12-2005,334
61,01-2006,295
61,02-2006,274
61,03-2006,93
61,04-2006,109
61,05-2006,323
61,06-2006,304
61,07-2006,315
61,08-2006,323
61,09-2006,100
61,10-2006,30
61,11-2006,199
61,12-2006,279
61,01-2007,228
61,02-2007,283
61,03-2007,115
61,04-2007,240
61,05-2007,273
61,06-2007,266
61,07-2007,357
61,08-2007,251
61,09-2007,304
61,10-2007,160
61,11-2007,318
61,12-2007,98
61,01-2008,182
61,02-2008,351
61,03-2008,235
61,04-2008,270
61,05-2008,243
61,06-2008,343
61,07-2008,259
61,08-2008,112
61,09-2008,341
61,10-2008,16
61,11-2008,21
61,12-2008,203
61,01-2009,339
61,02-2009,107
61,03-2009,86
61,04-2009,260
61,05-2009,262
61,06-2009,316
61,07-2009,332
61,08-2009,224
61,09-2009,338
61,10-2009,129
61,11-2009,84
61,12-2009,209
61,01-2010,77
61,02-2010,354
61,03-2010,283
61,04-2010,167
61,05-2010,300
61,06-2010,301
61,07-2010,311
61,08-2010,111
61,09-2010,57
61,10-2010,72
61,11-2010,81
61,12-2010,250
61,01-2011,215
61,02-2011,183
61,03-2011,205
61,04-2011,190
61,05-2011,216
61,06-2011,227
61,07-2011,17
61,08-2011,53
61,09-2011,241
61,10-2011,175
61,11-2011,17
61,12-2011,359
61,01-2012,270
61,02-2012,68
61,03-2012,321
61,04-2012,216
61,05-2012,224
61,06-2012,346
61,07-2012,125
61,08-2012,26
61,09-2012,67
61,10-2012,91
61,11-2012,323
61,12-2012,337
62,01-2005,141
62,02-2005,21
62,03-2005,242
62,04-2005,165
62,05-2005,289
62,06-2005,39
62,07-2005,114
62,08-2005,225
62,09-2005,223
62,10-2005,169
62,11-2005,153
62,12-2005,151
62,01-2006,212
62,02-2006,162
62,03-2006,180
62,04-2006,217
62,05-2006,155
62,06-2006,61
62,07-2006,16
62,08-2006,143
62,09-2006,42
62,10-2006,110
62,11-2006,326
62,12-2006,299
62,01-2007,317
62,02-2007,142
62,03-2007,76
62,04-2007,348
62,05-2007,278
62,06-2007,266
62,07-2007,321
62,08-2007,67
62,09-2007,59
62,10-2007,41
62,11-2007,291
62,12-2007,229
62,01-2008,240
62,02-2008,26
62,03-2008,153
62,04-2008,214
62,05-2008,255
62,06-2008,348
62,07-2008,34
62,08-2008,115
62,09-2008,335
62,10-2008,219
62,11-2008,208
62,12-2008,360
62,01-2009,279
62,02-2009,231
62,03-2009,54
62,04-2009,239
62,05-2009,35
62,06-2009,181
62,07-2009,28
62,08-2009,180
62,09-2009,254
62,10-2009,199
62,11-2009,184
62,12-2009,179
62,01-2010,163
62,02-2010,321
62,03-2010,298
62,04-2010,70
62,05-2010,196
62,06-2010,120
62,07-2010,310
62,08-2010,139
62,09-2010,250
62,10-2010,231
62,11-2010,136
62,12-2010,186
62,01-2011,273
62,02-2011,295
62,03-2011,114
62,04-2011,225
62,05-2011,32
62,06-2011,22
62,07-2011,312
62,08-2011,119
62,09-2011,250
62,10-2011,155
62,11-2011,282
62,12-2011,143
62,01-2012,139
62,02-2012,226
62,03-2012,76
62,04-2012,53
62,05-2012,63
62,06-2012,209
62,07-2012,311
62,08-2012,173
62,09-2012,93
62,10-2012,119
62,11-2012,29
62,12-2012,241
63,01-2005,17
63,02-2005,79
63,03-2005,148
63,04-2005,93
63,05-2005,347
63,06-2005,332
63,07-2005,70
63,08-2005,267
63,09-2005,321
63,10-2005,84
63,11-2005,151
63,12-2005,101
63,01-2006,113
63,02-2006,155
63,03-2006,217
63,04-2006,293
63,05-2006,357
63,06-2006,80
63,07-2006,134
63,08-2006,354
63,09-2006,18
63,10-2006,333
63,11-2006,289
63,12-2006,47
63,01-2007,30
63,02-2007,158
63,03-2007,68
63,04-2007,105
63,05-2007,133
63,06-2007,333
63,07-2007,27
63,08-2007,76
63,09-2007,225
63,10-2007,115
63,11-2007,95
63,12-2007,310
63,01-2008,192
63,02-2008,70
63,03-2008,306
63,04-2008,190
63,05-2008,219
63,06-2008,35
63,07-2008,189
63,08-2008,201
63,09-2008,121
63,10-2008,179
63,11-2008,290
63,12-2008,204
63,01-2009,177
63,02-2009,57
63,03-2009,43
63,04-2009,347
63,05-2009,18
63,06-2009,329
63,07-2009,344
63,08-2009,294
63,09-2009,345
63,10-2009,249
63,11-2009,264
63,12-2009,72
63,01-2010,202
63,02-2010,283
63,03-2010,199
63,04-2010,52
63,05-2010,356
63,06-2010,156
63,07-2010,264
63,08-2010,360
63,09-2010,116
63,10-2010,183
63,11-2010,167
63,12-2010,59
63,01-2011,91
63,02-2011,30
63,03-2011,171
63,04-2011,202
63,05-2011,123
63,06-2011,266
63,07-2011,78
63,08-2011,105
63,09-2011,45
63,10-2011,287
63,11-2011,112
63,12-2011,267
63,01-2012,180
63,02-2012,281
63,03-2012,29
63,04-2012,207
63,05-2012,138
63,06-2012,323
63,07-2012,56
63,08-2012,304
63,09-2012,312
63,10-2012,166
63,11-2012,316
63,12-2012,213
,,
,,
,,
,,
,,
,,
,,
,,
,,
,,
,,
,,
,,
,,
,,
,
,
,
,
,
,
,
,
,
,
,
,
,
,
,
,
,
,
,
,
,
,
,
,
,
,
,
,
,
,
,
,
,
,
,
,
,
,
,
,
,
,
,
,
,
,
,
,
,
,
,
,
,
,
,
,
,
,
,
,
,
,
,
,
,
,
,
,
,
,
,
,
,
,
,
,
,
,
,
,
,
,
,
,
,
,
,
,
,
,
,
,
,
,
,
,
,
,
,
,
,
,
,
,
,
,
,
,
,
,
,
,
,
,
,
,
,
,
,
,
,
,
,
,
,
,
,
,
,
,
,
,
,
,
,
,
,
,
,
,
,
,
,
,
,
,
,
,
,
,
,
,
,
,
,
,
,
,
,
,
,
,
,
,
,
,
,
,
,
,
,
,
,
,
,
,
,
,
,
,
,
,
,